datetime,discharge_cfs,gage_height_ft,site_id,site_name,kayakability_score
2025-06-28 04:30:00-04:00,119.0,2.75,01094000,"Merrimack River near Goffs Falls below Manchester, NH",52
2025-06-28 04:45:00-04:00,119.0,2.75,01094000,"Merrimack River near Goffs Falls below Manchester, NH",52
2025-06-28 05:00:00-04:00,119.0,2.75,01094000,"Merrimack River near Goffs Falls below Manchester, NH",52
2025-06-28 05:15:00-04:00,119.0,2.75,01094000,"Merrimack River near Goffs Falls below Manchester, NH",52
2025-06-28 05:30:00-04:00,119.0,2.75,01094000,"Merrimack River near Goffs Falls below Manchester, NH",52
2025-06-28 05:45:00-04:00,119.0,2.75,01094000,"Merrimack River near Goffs Falls below Manchester, NH",52
2025-06-28 06:00:00-04:00,119.0,2.75,01094000,"Merrimack River near Goffs Falls below Manchester, NH",52
2025-06-28 06:15:00-04:00,119.0,2.75,01094000,"Merrimack River near Goffs Falls below Manchester, NH",52
2025-06-28 06:30:00-04:00,119.0,2.75,01094000,"Merrimack River near Goffs Falls below Manchester, NH",52
2025-06-28 06:45:00-04:00,119.0,2.75,01094000,"Merrimack River near Goffs Falls below Manchester, NH",52
2025-06-28 07:00:00-04:00,124.0,2.77,01094000,"Merrimack River near Goffs Falls below Manchester, NH",52
2025-06-28 07:15:00-04:00,128.0,2.79,01094000,"Merrimack River near Goffs Falls below Manchester, NH",52
2025-06-28 07:30:00-04:00,133.0,2.81,01094000,"Merrimack River near Goffs Falls below Manchester, NH",52
2025-06-28 07:45:00-04:00,133.0,2.81,01094000,"Merrimack River near Goffs Falls below Manchester, NH",52
2025-06-28 08:00:00-04:00,133.0,2.81,01094000,"Merrimack River near Goffs Falls below Manchester, NH",52
2025-06-28 08:15:00-04:00,131.0,2.8,01094000,"Merrimack River near Goffs Falls below Manchester, NH",52
2025-06-28 08:30:00-04:00,131.0,2.8,01094000,"Merrimack River near Goffs Falls below Manchester, NH",52
2025-06-28 08:45:00-04:00,131.0,2.8,01094000,"Merrimack River near Goffs Falls below Manchester, NH",52
2025-06-28 09:00:00-04:00,131.0,2.8,01094000,"Merrimack River near Goffs Falls below Manchester, NH",52
2025-06-28 09:15:00-04:00,128.0,2.79,01094000,"Merrimack River near Goffs Falls below Manchester, NH",52
2025-06-28 09:30:00-04:00,128.0,2.79,01094000,"Merrimack River near Goffs Falls below Manchester, NH",52
2025-06-28 09:45:00-04:00,128.0,2.79,01094000,"Merrimack River near Goffs Falls below Manchester, NH",52
2025-06-28 10:00:00-04:00,128.0,2.79,01094000,"Merrimack River near Goffs Falls below Manchester, NH",52
2025-06-28 10:15:00-04:00,128.0,2.79,01094000,"Merrimack River near Goffs Falls below Manchester, NH",52
2025-06-28 10:30:00-04:00,126.0,2.78,01094000,"Merrimack River near Goffs Falls below Manchester, NH",52
2025-06-28 10:45:00-04:00,126.0,2.78,01094000,"Merrimack River near Goffs Falls below Manchester, NH",52
2025-06-28 11:00:00-04:00,126.0,2.78,01094000,"Merrimack River near Goffs Falls below Manchester, NH",52
2025-06-28 11:15:00-04:00,126.0,2.78,01094000,"Merrimack River near Goffs Falls below Manchester, NH",52
2025-06-28 11:30:00-04:00,126.0,2.78,01094000,"Merrimack River near Goffs Falls below Manchester, NH",52
2025-06-28 11:45:00-04:00,126.0,2.78,01094000,"Merrimack River near Goffs Falls below Manchester, NH",52
2025-06-28 12:00:00-04:00,126.0,2.78,01094000,"Merrimack River near Goffs Falls below Manchester, NH",52
2025-06-28 12:15:00-04:00,126.0,2.78,01094000,"Merrimack River near Goffs Falls below Manchester, NH",52
2025-06-28 12:30:00-04:00,124.0,2.77,01094000,"Merrimack River near Goffs Falls below Manchester, NH",52
2025-06-28 12:45:00-04:00,124.0,2.77,01094000,"Merrimack River near Goffs Falls below Manchester, NH",52
2025-06-28 13:00:00-04:00,124.0,2.77,01094000,"Merrimack River near Goffs Falls below Manchester, NH",52
2025-06-28 13:15:00-04:00,124.0,2.77,01094000,"Merrimack River near Goffs Falls below Manchester, NH",52
2025-06-28 13:30:00-04:00,124.0,2.77,01094000,"Merrimack River near Goffs Falls below Manchester, NH",52
2025-06-28 13:45:00-04:00,124.0,2.77,01094000,"Merrimack River near Goffs Falls below Manchester, NH",52
2025-06-28 14:00:00-04:00,124.0,2.77,01094000,"Merrimack River near Goffs Falls below Manchester, NH",52
2025-06-28 14:15:00-04:00,124.0,2.77,01094000,"Merrimack River near Goffs Falls below Manchester, NH",52
2025-06-28 14:30:00-04:00,124.0,2.77,01094000,"Merrimack River near Goffs Falls below Manchester, NH",52
2025-06-28 14:45:00-04:00,124.0,2.77,01094000,"Merrimack River near Goffs Falls below Manchester, NH",52
2025-06-28 15:00:00-04:00,124.0,2.77,01094000,"Merrimack River near Goffs Falls below Manchester, NH",52
2025-06-28 15:15:00-04:00,126.0,2.78,01094000,"Merrimack River near Goffs Falls below Manchester, NH",52
2025-06-28 15:30:00-04:00,126.0,2.78,01094000,"Merrimack River near Goffs Falls below Manchester, NH",52
2025-06-28 15:45:00-04:00,126.0,2.78,01094000,"Merrimack River near Goffs Falls below Manchester, NH",52
2025-06-28 16:00:00-04:00,126.0,2.78,01094000,"Merrimack River near Goffs Falls below Manchester, NH",52
2025-06-28 16:15:00-04:00,126.0,2.78,01094000,"Merrimack River near Goffs Falls below Manchester, NH",52
2025-06-28 16:30:00-04:00,126.0,2.78,01094000,"Merrimack River near Goffs Falls below Manchester, NH",52
2025-06-28 16:45:00-04:00,126.0,2.78,01094000,"Merrimack River near Goffs Falls below Manchester, NH",52
2025-06-28 17:00:00-04:00,128.0,2.79,01094000,"Merrimack River near Goffs Falls below Manchester, NH",52
2025-06-28 17:15:00-04:00,128.0,2.79,01094000,"Merrimack River near Goffs Falls below Manchester, NH",52
2025-06-28 17:30:00-04:00,128.0,2.79,01094000,"Merrimack River near Goffs Falls below Manchester, NH",52
2025-06-28 17:45:00-04:00,128.0,2.79,01094000,"Merrimack River near Goffs Falls below Manchester, NH",52
2025-06-28 18:00:00-04:00,128.0,2.79,01094000,"Merrimack River near Goffs Falls below Manchester, NH",52
2025-06-28 18:15:00-04:00,128.0,2.79,01094000,"Merrimack River near Goffs Falls below Manchester, NH",52
2025-06-28 18:30:00-04:00,128.0,2.79,01094000,"Merrimack River near Goffs Falls below Manchester, NH",52
2025-06-28 18:45:00-04:00,131.0,2.8,01094000,"Merrimack River near Goffs Falls below Manchester, NH",52
2025-06-28 19:00:00-04:00,131.0,2.8,01094000,"Merrimack River near Goffs Falls below Manchester, NH",52
2025-06-28 19:15:00-04:00,131.0,2.8,01094000,"Merrimack River near Goffs Falls below Manchester, NH",52
2025-06-28 19:30:00-04:00,131.0,2.8,01094000,"Merrimack River near Goffs Falls below Manchester, NH",52
2025-06-28 19:45:00-04:00,131.0,2.8,01094000,"Merrimack River near Goffs Falls below Manchester, NH",52
2025-06-28 20:00:00-04:00,131.0,2.8,01094000,"Merrimack River near Goffs Falls below Manchester, NH",52
2025-06-28 20:15:00-04:00,133.0,2.81,01094000,"Merrimack River near Goffs Falls below Manchester, NH",52
2025-06-28 20:30:00-04:00,133.0,2.81,01094000,"Merrimack River near Goffs Falls below Manchester, NH",52
2025-06-28 20:45:00-04:00,133.0,2.81,01094000,"Merrimack River near Goffs Falls below Manchester, NH",52
2025-06-28 21:00:00-04:00,133.0,2.81,01094000,"Merrimack River near Goffs Falls below Manchester, NH",52
2025-06-28 21:15:00-04:00,133.0,2.81,01094000,"Merrimack River near Goffs Falls below Manchester, NH",52
2025-06-28 21:30:00-04:00,133.0,2.81,01094000,"Merrimack River near Goffs Falls below Manchester, NH",52
2025-06-28 21:45:00-04:00,135.0,2.82,01094000,"Merrimack River near Goffs Falls below Manchester, NH",53
2025-06-28 22:00:00-04:00,135.0,2.82,01094000,"Merrimack River near Goffs Falls below Manchester, NH",53
2025-06-28 22:15:00-04:00,135.0,2.82,01094000,"Merrimack River near Goffs Falls below Manchester, NH",53
2025-06-28 22:30:00-04:00,135.0,2.82,01094000,"Merrimack River near Goffs Falls below Manchester, NH",53
2025-06-28 22:45:00-04:00,135.0,2.82,01094000,"Merrimack River near Goffs Falls below Manchester, NH",53
2025-06-28 23:00:00-04:00,135.0,2.82,01094000,"Merrimack River near Goffs Falls below Manchester, NH",53
2025-06-28 23:15:00-04:00,135.0,2.82,01094000,"Merrimack River near Goffs Falls below Manchester, NH",53
2025-06-28 23:30:00-04:00,135.0,2.82,01094000,"Merrimack River near Goffs Falls below Manchester, NH",53
2025-06-28 23:45:00-04:00,135.0,2.82,01094000,"Merrimack River near Goffs Falls below Manchester, NH",53
2025-06-29 00:00:00-04:00,135.0,2.82,01094000,"Merrimack River near Goffs Falls below Manchester, NH",53
2025-06-29 00:15:00-04:00,138.0,2.83,01094000,"Merrimack River near Goffs Falls below Manchester, NH",53
2025-06-29 00:30:00-04:00,138.0,2.83,01094000,"Merrimack River near Goffs Falls below Manchester, NH",53
2025-06-29 00:45:00-04:00,138.0,2.83,01094000,"Merrimack River near Goffs Falls below Manchester, NH",53
2025-06-29 01:00:00-04:00,138.0,2.83,01094000,"Merrimack River near Goffs Falls below Manchester, NH",53
2025-06-29 01:15:00-04:00,138.0,2.83,01094000,"Merrimack River near Goffs Falls below Manchester, NH",53
2025-06-29 01:30:00-04:00,138.0,2.83,01094000,"Merrimack River near Goffs Falls below Manchester, NH",53
2025-06-29 01:45:00-04:00,138.0,2.83,01094000,"Merrimack River near Goffs Falls below Manchester, NH",53
2025-06-29 02:00:00-04:00,138.0,2.83,01094000,"Merrimack River near Goffs Falls below Manchester, NH",53
2025-06-29 02:15:00-04:00,140.0,2.84,01094000,"Merrimack River near Goffs Falls below Manchester, NH",53
2025-06-29 02:30:00-04:00,140.0,2.84,01094000,"Merrimack River near Goffs Falls below Manchester, NH",53
2025-06-29 02:45:00-04:00,140.0,2.84,01094000,"Merrimack River near Goffs Falls below Manchester, NH",53
2025-06-29 03:00:00-04:00,140.0,2.84,01094000,"Merrimack River near Goffs Falls below Manchester, NH",53
2025-06-29 03:15:00-04:00,140.0,2.84,01094000,"Merrimack River near Goffs Falls below Manchester, NH",53
2025-06-29 03:30:00-04:00,140.0,2.84,01094000,"Merrimack River near Goffs Falls below Manchester, NH",53
2025-06-29 03:45:00-04:00,140.0,2.84,01094000,"Merrimack River near Goffs Falls below Manchester, NH",53
2025-06-29 04:00:00-04:00,140.0,2.84,01094000,"Merrimack River near Goffs Falls below Manchester, NH",53
2025-06-29 04:15:00-04:00,140.0,2.84,01094000,"Merrimack River near Goffs Falls below Manchester, NH",53
2025-06-29 04:30:00-04:00,140.0,2.84,01094000,"Merrimack River near Goffs Falls below Manchester, NH",53
2025-06-29 04:45:00-04:00,143.0,2.85,01094000,"Merrimack River near Goffs Falls below Manchester, NH",53
2025-06-29 05:00:00-04:00,143.0,2.85,01094000,"Merrimack River near Goffs Falls below Manchester, NH",53
2025-06-29 05:15:00-04:00,143.0,2.85,01094000,"Merrimack River near Goffs Falls below Manchester, NH",53
2025-06-29 05:30:00-04:00,143.0,2.85,01094000,"Merrimack River near Goffs Falls below Manchester, NH",53
2025-06-29 05:45:00-04:00,143.0,2.85,01094000,"Merrimack River near Goffs Falls below Manchester, NH",53
2025-06-29 06:00:00-04:00,143.0,2.85,01094000,"Merrimack River near Goffs Falls below Manchester, NH",53
2025-06-29 06:15:00-04:00,143.0,2.85,01094000,"Merrimack River near Goffs Falls below Manchester, NH",53
2025-06-29 06:30:00-04:00,143.0,2.85,01094000,"Merrimack River near Goffs Falls below Manchester, NH",53
2025-06-29 06:45:00-04:00,143.0,2.85,01094000,"Merrimack River near Goffs Falls below Manchester, NH",53
2025-06-29 07:00:00-04:00,143.0,2.85,01094000,"Merrimack River near Goffs Falls below Manchester, NH",53
2025-06-29 07:15:00-04:00,143.0,2.85,01094000,"Merrimack River near Goffs Falls below Manchester, NH",53
2025-06-29 07:30:00-04:00,143.0,2.85,01094000,"Merrimack River near Goffs Falls below Manchester, NH",53
2025-06-29 07:45:00-04:00,143.0,2.85,01094000,"Merrimack River near Goffs Falls below Manchester, NH",53
2025-06-29 08:00:00-04:00,143.0,2.85,01094000,"Merrimack River near Goffs Falls below Manchester, NH",53
2025-06-29 08:15:00-04:00,143.0,2.85,01094000,"Merrimack River near Goffs Falls below Manchester, NH",53
2025-06-29 08:30:00-04:00,143.0,2.85,01094000,"Merrimack River near Goffs Falls below Manchester, NH",53
2025-06-29 08:45:00-04:00,143.0,2.85,01094000,"Merrimack River near Goffs Falls below Manchester, NH",53
2025-06-29 09:00:00-04:00,143.0,2.85,01094000,"Merrimack River near Goffs Falls below Manchester, NH",53
2025-06-29 09:15:00-04:00,143.0,2.85,01094000,"Merrimack River near Goffs Falls below Manchester, NH",53
2025-06-29 09:30:00-04:00,143.0,2.85,01094000,"Merrimack River near Goffs Falls below Manchester, NH",53
2025-06-29 09:45:00-04:00,143.0,2.85,01094000,"Merrimack River near Goffs Falls below Manchester, NH",53
2025-06-29 10:00:00-04:00,143.0,2.85,01094000,"Merrimack River near Goffs Falls below Manchester, NH",53
2025-06-29 10:15:00-04:00,143.0,2.85,01094000,"Merrimack River near Goffs Falls below Manchester, NH",53
2025-06-29 10:30:00-04:00,143.0,2.85,01094000,"Merrimack River near Goffs Falls below Manchester, NH",53
2025-06-29 10:45:00-04:00,143.0,2.85,01094000,"Merrimack River near Goffs Falls below Manchester, NH",53
2025-06-29 11:00:00-04:00,143.0,2.85,01094000,"Merrimack River near Goffs Falls below Manchester, NH",53
2025-06-29 11:15:00-04:00,143.0,2.85,01094000,"Merrimack River near Goffs Falls below Manchester, NH",53
2025-06-29 11:30:00-04:00,143.0,2.85,01094000,"Merrimack River near Goffs Falls below Manchester, NH",53
2025-06-29 11:45:00-04:00,143.0,2.85,01094000,"Merrimack River near Goffs Falls below Manchester, NH",53
2025-06-29 12:00:00-04:00,143.0,2.85,01094000,"Merrimack River near Goffs Falls below Manchester, NH",53
2025-06-29 12:15:00-04:00,143.0,2.85,01094000,"Merrimack River near Goffs Falls below Manchester, NH",53
2025-06-29 12:30:00-04:00,143.0,2.85,01094000,"Merrimack River near Goffs Falls below Manchester, NH",53
2025-06-29 12:45:00-04:00,140.0,2.84,01094000,"Merrimack River near Goffs Falls below Manchester, NH",53
2025-06-29 13:00:00-04:00,143.0,2.85,01094000,"Merrimack River near Goffs Falls below Manchester, NH",53
2025-06-29 13:15:00-04:00,143.0,2.85,01094000,"Merrimack River near Goffs Falls below Manchester, NH",53
2025-06-29 13:30:00-04:00,143.0,2.85,01094000,"Merrimack River near Goffs Falls below Manchester, NH",53
2025-06-29 13:45:00-04:00,143.0,2.85,01094000,"Merrimack River near Goffs Falls below Manchester, NH",53
2025-06-29 14:00:00-04:00,143.0,2.85,01094000,"Merrimack River near Goffs Falls below Manchester, NH",53
2025-06-29 14:15:00-04:00,143.0,2.85,01094000,"Merrimack River near Goffs Falls below Manchester, NH",53
2025-06-29 14:30:00-04:00,140.0,2.84,01094000,"Merrimack River near Goffs Falls below Manchester, NH",53
2025-06-29 14:45:00-04:00,140.0,2.84,01094000,"Merrimack River near Goffs Falls below Manchester, NH",53
2025-06-29 15:00:00-04:00,143.0,2.85,01094000,"Merrimack River near Goffs Falls below Manchester, NH",53
2025-06-29 15:15:00-04:00,143.0,2.85,01094000,"Merrimack River near Goffs Falls below Manchester, NH",53
2025-06-29 15:30:00-04:00,140.0,2.84,01094000,"Merrimack River near Goffs Falls below Manchester, NH",53
2025-06-29 15:45:00-04:00,143.0,2.85,01094000,"Merrimack River near Goffs Falls below Manchester, NH",53
2025-06-29 16:00:00-04:00,143.0,2.85,01094000,"Merrimack River near Goffs Falls below Manchester, NH",53
2025-06-29 16:15:00-04:00,140.0,2.84,01094000,"Merrimack River near Goffs Falls below Manchester, NH",53
2025-06-29 16:30:00-04:00,140.0,2.84,01094000,"Merrimack River near Goffs Falls below Manchester, NH",53
2025-06-29 16:45:00-04:00,140.0,2.84,01094000,"Merrimack River near Goffs Falls below Manchester, NH",53
2025-06-29 17:00:00-04:00,140.0,2.84,01094000,"Merrimack River near Goffs Falls below Manchester, NH",53
2025-06-29 17:15:00-04:00,143.0,2.85,01094000,"Merrimack River near Goffs Falls below Manchester, NH",53
2025-06-29 17:30:00-04:00,140.0,2.84,01094000,"Merrimack River near Goffs Falls below Manchester, NH",53
2025-06-29 17:45:00-04:00,140.0,2.84,01094000,"Merrimack River near Goffs Falls below Manchester, NH",53
2025-06-29 18:00:00-04:00,140.0,2.84,01094000,"Merrimack River near Goffs Falls below Manchester, NH",53
2025-06-29 18:15:00-04:00,140.0,2.84,01094000,"Merrimack River near Goffs Falls below Manchester, NH",53
2025-06-29 18:30:00-04:00,140.0,2.84,01094000,"Merrimack River near Goffs Falls below Manchester, NH",53
2025-06-29 18:45:00-04:00,140.0,2.84,01094000,"Merrimack River near Goffs Falls below Manchester, NH",53
2025-06-29 19:00:00-04:00,140.0,2.84,01094000,"Merrimack River near Goffs Falls below Manchester, NH",53
2025-06-29 19:15:00-04:00,140.0,2.84,01094000,"Merrimack River near Goffs Falls below Manchester, NH",53
2025-06-29 19:30:00-04:00,140.0,2.84,01094000,"Merrimack River near Goffs Falls below Manchester, NH",53
2025-06-29 19:45:00-04:00,140.0,2.84,01094000,"Merrimack River near Goffs Falls below Manchester, NH",53
2025-06-29 20:00:00-04:00,140.0,2.84,01094000,"Merrimack River near Goffs Falls below Manchester, NH",53
2025-06-29 20:15:00-04:00,140.0,2.84,01094000,"Merrimack River near Goffs Falls below Manchester, NH",53
2025-06-29 20:30:00-04:00,140.0,2.84,01094000,"Merrimack River near Goffs Falls below Manchester, NH",53
2025-06-29 20:45:00-04:00,140.0,2.84,01094000,"Merrimack River near Goffs Falls below Manchester, NH",53
2025-06-29 21:00:00-04:00,140.0,2.84,01094000,"Merrimack River near Goffs Falls below Manchester, NH",53
2025-06-29 21:15:00-04:00,140.0,2.84,01094000,"Merrimack River near Goffs Falls below Manchester, NH",53
2025-06-29 21:30:00-04:00,140.0,2.84,01094000,"Merrimack River near Goffs Falls below Manchester, NH",53
2025-06-29 21:45:00-04:00,140.0,2.84,01094000,"Merrimack River near Goffs Falls below Manchester, NH",53
2025-06-29 22:00:00-04:00,140.0,2.84,01094000,"Merrimack River near Goffs Falls below Manchester, NH",53
2025-06-29 22:15:00-04:00,140.0,2.84,01094000,"Merrimack River near Goffs Falls below Manchester, NH",53
2025-06-29 22:30:00-04:00,140.0,2.84,01094000,"Merrimack River near Goffs Falls below Manchester, NH",53
2025-06-29 22:45:00-04:00,140.0,2.84,01094000,"Merrimack River near Goffs Falls below Manchester, NH",53
2025-06-29 23:00:00-04:00,140.0,2.84,01094000,"Merrimack River near Goffs Falls below Manchester, NH",53
2025-06-29 23:15:00-04:00,140.0,2.84,01094000,"Merrimack River near Goffs Falls below Manchester, NH",53
2025-06-29 23:30:00-04:00,140.0,2.84,01094000,"Merrimack River near Goffs Falls below Manchester, NH",53
2025-06-29 23:45:00-04:00,140.0,2.84,01094000,"Merrimack River near Goffs Falls below Manchester, NH",53
2025-06-30 00:00:00-04:00,140.0,2.84,01094000,"Merrimack River near Goffs Falls below Manchester, NH",53
2025-06-30 00:15:00-04:00,140.0,2.84,01094000,"Merrimack River near Goffs Falls below Manchester, NH",53
2025-06-30 00:30:00-04:00,140.0,2.84,01094000,"Merrimack River near Goffs Falls below Manchester, NH",53
2025-06-30 00:45:00-04:00,140.0,2.84,01094000,"Merrimack River near Goffs Falls below Manchester, NH",53
2025-06-30 01:00:00-04:00,140.0,2.84,01094000,"Merrimack River near Goffs Falls below Manchester, NH",53
2025-06-30 01:15:00-04:00,140.0,2.84,01094000,"Merrimack River near Goffs Falls below Manchester, NH",53
2025-06-30 01:30:00-04:00,140.0,2.84,01094000,"Merrimack River near Goffs Falls below Manchester, NH",53
2025-06-30 01:45:00-04:00,140.0,2.84,01094000,"Merrimack River near Goffs Falls below Manchester, NH",53
2025-06-30 02:00:00-04:00,140.0,2.84,01094000,"Merrimack River near Goffs Falls below Manchester, NH",53
2025-06-30 02:15:00-04:00,140.0,2.84,01094000,"Merrimack River near Goffs Falls below Manchester, NH",53
2025-06-30 02:30:00-04:00,140.0,2.84,01094000,"Merrimack River near Goffs Falls below Manchester, NH",53
2025-06-30 02:45:00-04:00,140.0,2.84,01094000,"Merrimack River near Goffs Falls below Manchester, NH",53
2025-06-30 03:00:00-04:00,138.0,2.83,01094000,"Merrimack River near Goffs Falls below Manchester, NH",53
2025-06-30 03:15:00-04:00,138.0,2.83,01094000,"Merrimack River near Goffs Falls below Manchester, NH",53
2025-06-30 03:30:00-04:00,138.0,2.83,01094000,"Merrimack River near Goffs Falls below Manchester, NH",53
2025-06-30 03:45:00-04:00,138.0,2.83,01094000,"Merrimack River near Goffs Falls below Manchester, NH",53
2025-06-30 04:00:00-04:00,138.0,2.83,01094000,"Merrimack River near Goffs Falls below Manchester, NH",53
2025-06-30 04:15:00-04:00,138.0,2.83,01094000,"Merrimack River near Goffs Falls below Manchester, NH",53
2025-06-30 04:30:00-04:00,138.0,2.83,01094000,"Merrimack River near Goffs Falls below Manchester, NH",53
2025-06-30 04:45:00-04:00,138.0,2.83,01094000,"Merrimack River near Goffs Falls below Manchester, NH",53
2025-06-30 05:00:00-04:00,138.0,2.83,01094000,"Merrimack River near Goffs Falls below Manchester, NH",53
2025-06-30 05:15:00-04:00,138.0,2.83,01094000,"Merrimack River near Goffs Falls below Manchester, NH",53
2025-06-30 05:30:00-04:00,135.0,2.82,01094000,"Merrimack River near Goffs Falls below Manchester, NH",53
2025-06-30 05:45:00-04:00,135.0,2.82,01094000,"Merrimack River near Goffs Falls below Manchester, NH",53
2025-06-30 06:00:00-04:00,135.0,2.82,01094000,"Merrimack River near Goffs Falls below Manchester, NH",53
2025-06-30 06:15:00-04:00,135.0,2.82,01094000,"Merrimack River near Goffs Falls below Manchester, NH",53
2025-06-30 06:30:00-04:00,135.0,2.82,01094000,"Merrimack River near Goffs Falls below Manchester, NH",53
2025-06-30 06:45:00-04:00,135.0,2.82,01094000,"Merrimack River near Goffs Falls below Manchester, NH",53
2025-06-30 07:00:00-04:00,135.0,2.82,01094000,"Merrimack River near Goffs Falls below Manchester, NH",53
2025-06-30 07:15:00-04:00,135.0,2.82,01094000,"Merrimack River near Goffs Falls below Manchester, NH",53
2025-06-30 07:30:00-04:00,133.0,2.81,01094000,"Merrimack River near Goffs Falls below Manchester, NH",52
2025-06-30 07:45:00-04:00,133.0,2.81,01094000,"Merrimack River near Goffs Falls below Manchester, NH",52
2025-06-30 08:00:00-04:00,133.0,2.81,01094000,"Merrimack River near Goffs Falls below Manchester, NH",52
2025-06-30 08:15:00-04:00,133.0,2.81,01094000,"Merrimack River near Goffs Falls below Manchester, NH",52
2025-06-30 08:30:00-04:00,133.0,2.81,01094000,"Merrimack River near Goffs Falls below Manchester, NH",52
2025-06-30 08:45:00-04:00,133.0,2.81,01094000,"Merrimack River near Goffs Falls below Manchester, NH",52
2025-06-30 09:00:00-04:00,133.0,2.81,01094000,"Merrimack River near Goffs Falls below Manchester, NH",52
2025-06-30 09:15:00-04:00,133.0,2.81,01094000,"Merrimack River near Goffs Falls below Manchester, NH",52
2025-06-30 09:30:00-04:00,133.0,2.81,01094000,"Merrimack River near Goffs Falls below Manchester, NH",52
2025-06-30 09:45:00-04:00,131.0,2.8,01094000,"Merrimack River near Goffs Falls below Manchester, NH",52
2025-06-30 10:00:00-04:00,131.0,2.8,01094000,"Merrimack River near Goffs Falls below Manchester, NH",52
2025-06-30 10:15:00-04:00,131.0,2.8,01094000,"Merrimack River near Goffs Falls below Manchester, NH",52
2025-06-30 10:30:00-04:00,131.0,2.8,01094000,"Merrimack River near Goffs Falls below Manchester, NH",52
2025-06-30 10:45:00-04:00,131.0,2.8,01094000,"Merrimack River near Goffs Falls below Manchester, NH",52
2025-06-30 11:00:00-04:00,131.0,2.8,01094000,"Merrimack River near Goffs Falls below Manchester, NH",52
2025-06-30 11:15:00-04:00,131.0,2.8,01094000,"Merrimack River near Goffs Falls below Manchester, NH",52
2025-06-30 11:30:00-04:00,131.0,2.8,01094000,"Merrimack River near Goffs Falls below Manchester, NH",52
2025-06-30 11:45:00-04:00,131.0,2.8,01094000,"Merrimack River near Goffs Falls below Manchester, NH",52
2025-06-30 12:00:00-04:00,131.0,2.8,01094000,"Merrimack River near Goffs Falls below Manchester, NH",52
2025-06-30 12:15:00-04:00,131.0,2.8,01094000,"Merrimack River near Goffs Falls below Manchester, NH",52
2025-06-30 12:30:00-04:00,128.0,2.79,01094000,"Merrimack River near Goffs Falls below Manchester, NH",52
2025-06-30 12:45:00-04:00,128.0,2.79,01094000,"Merrimack River near Goffs Falls below Manchester, NH",52
2025-06-30 13:00:00-04:00,128.0,2.79,01094000,"Merrimack River near Goffs Falls below Manchester, NH",52
2025-06-30 13:15:00-04:00,128.0,2.79,01094000,"Merrimack River near Goffs Falls below Manchester, NH",52
2025-06-30 13:30:00-04:00,128.0,2.79,01094000,"Merrimack River near Goffs Falls below Manchester, NH",52
2025-06-30 13:45:00-04:00,128.0,2.79,01094000,"Merrimack River near Goffs Falls below Manchester, NH",52
2025-06-30 14:00:00-04:00,128.0,2.79,01094000,"Merrimack River near Goffs Falls below Manchester, NH",52
2025-06-30 14:15:00-04:00,128.0,2.79,01094000,"Merrimack River near Goffs Falls below Manchester, NH",52
2025-06-30 14:30:00-04:00,126.0,2.78,01094000,"Merrimack River near Goffs Falls below Manchester, NH",52
2025-06-30 14:45:00-04:00,126.0,2.78,01094000,"Merrimack River near Goffs Falls below Manchester, NH",52
2025-06-30 15:00:00-04:00,126.0,2.78,01094000,"Merrimack River near Goffs Falls below Manchester, NH",52
2025-06-30 15:15:00-04:00,126.0,2.78,01094000,"Merrimack River near Goffs Falls below Manchester, NH",52
2025-06-30 15:30:00-04:00,126.0,2.78,01094000,"Merrimack River near Goffs Falls below Manchester, NH",52
2025-06-30 15:45:00-04:00,126.0,2.78,01094000,"Merrimack River near Goffs Falls below Manchester, NH",52
2025-06-30 16:00:00-04:00,126.0,2.78,01094000,"Merrimack River near Goffs Falls below Manchester, NH",52
2025-06-30 16:15:00-04:00,126.0,2.78,01094000,"Merrimack River near Goffs Falls below Manchester, NH",52
2025-06-30 16:30:00-04:00,126.0,2.78,01094000,"Merrimack River near Goffs Falls below Manchester, NH",52
2025-06-30 16:45:00-04:00,126.0,2.78,01094000,"Merrimack River near Goffs Falls below Manchester, NH",52
2025-06-30 17:00:00-04:00,126.0,2.78,01094000,"Merrimack River near Goffs Falls below Manchester, NH",52
2025-06-30 17:15:00-04:00,126.0,2.78,01094000,"Merrimack River near Goffs Falls below Manchester, NH",52
2025-06-30 17:30:00-04:00,126.0,2.78,01094000,"Merrimack River near Goffs Falls below Manchester, NH",52
2025-06-30 17:45:00-04:00,126.0,2.78,01094000,"Merrimack River near Goffs Falls below Manchester, NH",52
2025-06-30 18:00:00-04:00,126.0,2.78,01094000,"Merrimack River near Goffs Falls below Manchester, NH",52
2025-06-30 18:15:00-04:00,126.0,2.78,01094000,"Merrimack River near Goffs Falls below Manchester, NH",52
2025-06-30 18:30:00-04:00,126.0,2.78,01094000,"Merrimack River near Goffs Falls below Manchester, NH",52
2025-06-30 18:45:00-04:00,126.0,2.78,01094000,"Merrimack River near Goffs Falls below Manchester, NH",52
2025-06-30 19:00:00-04:00,126.0,2.78,01094000,"Merrimack River near Goffs Falls below Manchester, NH",52
2025-06-30 19:15:00-04:00,126.0,2.78,01094000,"Merrimack River near Goffs Falls below Manchester, NH",52
2025-06-30 19:30:00-04:00,126.0,2.78,01094000,"Merrimack River near Goffs Falls below Manchester, NH",52
2025-06-30 19:45:00-04:00,126.0,2.78,01094000,"Merrimack River near Goffs Falls below Manchester, NH",52
2025-06-30 20:00:00-04:00,126.0,2.78,01094000,"Merrimack River near Goffs Falls below Manchester, NH",52
2025-06-30 20:15:00-04:00,124.0,2.77,01094000,"Merrimack River near Goffs Falls below Manchester, NH",52
2025-06-30 20:30:00-04:00,124.0,2.77,01094000,"Merrimack River near Goffs Falls below Manchester, NH",52
2025-06-30 20:45:00-04:00,124.0,2.77,01094000,"Merrimack River near Goffs Falls below Manchester, NH",52
2025-06-30 21:00:00-04:00,124.0,2.77,01094000,"Merrimack River near Goffs Falls below Manchester, NH",52
2025-06-30 21:15:00-04:00,124.0,2.77,01094000,"Merrimack River near Goffs Falls below Manchester, NH",52
2025-06-30 21:30:00-04:00,124.0,2.77,01094000,"Merrimack River near Goffs Falls below Manchester, NH",52
2025-06-30 21:45:00-04:00,124.0,2.77,01094000,"Merrimack River near Goffs Falls below Manchester, NH",52
2025-06-30 22:00:00-04:00,124.0,2.77,01094000,"Merrimack River near Goffs Falls below Manchester, NH",52
2025-06-30 22:15:00-04:00,124.0,2.77,01094000,"Merrimack River near Goffs Falls below Manchester, NH",52
2025-06-30 22:30:00-04:00,124.0,2.77,01094000,"Merrimack River near Goffs Falls below Manchester, NH",52
2025-06-30 22:45:00-04:00,124.0,2.77,01094000,"Merrimack River near Goffs Falls below Manchester, NH",52
2025-06-30 23:00:00-04:00,124.0,2.77,01094000,"Merrimack River near Goffs Falls below Manchester, NH",52
2025-06-30 23:15:00-04:00,124.0,2.77,01094000,"Merrimack River near Goffs Falls below Manchester, NH",52
2025-06-30 23:30:00-04:00,124.0,2.77,01094000,"Merrimack River near Goffs Falls below Manchester, NH",52
2025-06-30 23:45:00-04:00,124.0,2.77,01094000,"Merrimack River near Goffs Falls below Manchester, NH",52
2025-07-01 00:00:00-04:00,124.0,2.77,01094000,"Merrimack River near Goffs Falls below Manchester, NH",52
2025-07-01 00:15:00-04:00,124.0,2.77,01094000,"Merrimack River near Goffs Falls below Manchester, NH",52
2025-07-01 00:30:00-04:00,124.0,2.77,01094000,"Merrimack River near Goffs Falls below Manchester, NH",52
2025-07-01 00:45:00-04:00,124.0,2.77,01094000,"Merrimack River near Goffs Falls below Manchester, NH",52
2025-07-01 01:00:00-04:00,121.0,2.76,01094000,"Merrimack River near Goffs Falls below Manchester, NH",52
2025-07-01 01:15:00-04:00,121.0,2.76,01094000,"Merrimack River near Goffs Falls below Manchester, NH",52
2025-07-01 01:30:00-04:00,121.0,2.76,01094000,"Merrimack River near Goffs Falls below Manchester, NH",52
2025-07-01 01:45:00-04:00,121.0,2.76,01094000,"Merrimack River near Goffs Falls below Manchester, NH",52
2025-07-01 02:00:00-04:00,121.0,2.76,01094000,"Merrimack River near Goffs Falls below Manchester, NH",52
2025-07-01 02:15:00-04:00,121.0,2.76,01094000,"Merrimack River near Goffs Falls below Manchester, NH",52
2025-07-01 02:30:00-04:00,121.0,2.76,01094000,"Merrimack River near Goffs Falls below Manchester, NH",52
2025-07-01 02:45:00-04:00,121.0,2.76,01094000,"Merrimack River near Goffs Falls below Manchester, NH",52
2025-07-01 03:00:00-04:00,121.0,2.76,01094000,"Merrimack River near Goffs Falls below Manchester, NH",52
2025-07-01 03:15:00-04:00,121.0,2.76,01094000,"Merrimack River near Goffs Falls below Manchester, NH",52
2025-07-01 03:30:00-04:00,121.0,2.76,01094000,"Merrimack River near Goffs Falls below Manchester, NH",52
2025-07-01 03:45:00-04:00,121.0,2.76,01094000,"Merrimack River near Goffs Falls below Manchester, NH",52
2025-07-01 04:00:00-04:00,121.0,2.76,01094000,"Merrimack River near Goffs Falls below Manchester, NH",52
2025-07-01 04:15:00-04:00,121.0,2.76,01094000,"Merrimack River near Goffs Falls below Manchester, NH",52
2025-07-01 04:30:00-04:00,121.0,2.76,01094000,"Merrimack River near Goffs Falls below Manchester, NH",52
2025-07-01 04:45:00-04:00,121.0,2.76,01094000,"Merrimack River near Goffs Falls below Manchester, NH",52
2025-07-01 05:00:00-04:00,121.0,2.76,01094000,"Merrimack River near Goffs Falls below Manchester, NH",52
2025-07-01 05:15:00-04:00,119.0,2.75,01094000,"Merrimack River near Goffs Falls below Manchester, NH",52
2025-07-01 05:30:00-04:00,119.0,2.75,01094000,"Merrimack River near Goffs Falls below Manchester, NH",52
2025-07-01 05:45:00-04:00,119.0,2.75,01094000,"Merrimack River near Goffs Falls below Manchester, NH",52
2025-07-01 06:00:00-04:00,119.0,2.75,01094000,"Merrimack River near Goffs Falls below Manchester, NH",52
2025-07-01 06:15:00-04:00,119.0,2.75,01094000,"Merrimack River near Goffs Falls below Manchester, NH",52
2025-07-01 06:30:00-04:00,119.0,2.75,01094000,"Merrimack River near Goffs Falls below Manchester, NH",52
2025-07-01 06:45:00-04:00,119.0,2.75,01094000,"Merrimack River near Goffs Falls below Manchester, NH",52
2025-07-01 07:00:00-04:00,119.0,2.75,01094000,"Merrimack River near Goffs Falls below Manchester, NH",52
2025-07-01 07:15:00-04:00,119.0,2.75,01094000,"Merrimack River near Goffs Falls below Manchester, NH",52
2025-07-01 07:30:00-04:00,119.0,2.75,01094000,"Merrimack River near Goffs Falls below Manchester, NH",52
2025-07-01 07:45:00-04:00,119.0,2.75,01094000,"Merrimack River near Goffs Falls below Manchester, NH",52
2025-07-01 08:00:00-04:00,119.0,2.75,01094000,"Merrimack River near Goffs Falls below Manchester, NH",52
2025-07-01 08:15:00-04:00,119.0,2.75,01094000,"Merrimack River near Goffs Falls below Manchester, NH",52
2025-07-01 08:30:00-04:00,119.0,2.75,01094000,"Merrimack River near Goffs Falls below Manchester, NH",52
2025-07-01 08:45:00-04:00,119.0,2.75,01094000,"Merrimack River near Goffs Falls below Manchester, NH",52
2025-07-01 09:00:00-04:00,119.0,2.75,01094000,"Merrimack River near Goffs Falls below Manchester, NH",52
2025-07-01 09:15:00-04:00,119.0,2.75,01094000,"Merrimack River near Goffs Falls below Manchester, NH",52
2025-07-01 09:30:00-04:00,119.0,2.75,01094000,"Merrimack River near Goffs Falls below Manchester, NH",52
2025-07-01 09:45:00-04:00,117.0,2.74,01094000,"Merrimack River near Goffs Falls below Manchester, NH",52
2025-07-01 10:00:00-04:00,117.0,2.74,01094000,"Merrimack River near Goffs Falls below Manchester, NH",52
2025-07-01 10:15:00-04:00,117.0,2.74,01094000,"Merrimack River near Goffs Falls below Manchester, NH",52
2025-07-01 10:30:00-04:00,117.0,2.74,01094000,"Merrimack River near Goffs Falls below Manchester, NH",52
2025-07-01 10:45:00-04:00,117.0,2.74,01094000,"Merrimack River near Goffs Falls below Manchester, NH",52
2025-07-01 11:00:00-04:00,117.0,2.74,01094000,"Merrimack River near Goffs Falls below Manchester, NH",52
2025-07-01 11:15:00-04:00,117.0,2.74,01094000,"Merrimack River near Goffs Falls below Manchester, NH",52
2025-07-01 11:30:00-04:00,117.0,2.74,01094000,"Merrimack River near Goffs Falls below Manchester, NH",52
2025-07-01 11:45:00-04:00,117.0,2.74,01094000,"Merrimack River near Goffs Falls below Manchester, NH",52
2025-07-01 12:00:00-04:00,117.0,2.74,01094000,"Merrimack River near Goffs Falls below Manchester, NH",52
2025-07-01 12:15:00-04:00,117.0,2.74,01094000,"Merrimack River near Goffs Falls below Manchester, NH",52
2025-07-01 12:30:00-04:00,117.0,2.74,01094000,"Merrimack River near Goffs Falls below Manchester, NH",52
2025-07-01 12:45:00-04:00,117.0,2.74,01094000,"Merrimack River near Goffs Falls below Manchester, NH",52
2025-07-01 13:00:00-04:00,115.0,2.73,01094000,"Merrimack River near Goffs Falls below Manchester, NH",52
2025-07-01 13:15:00-04:00,115.0,2.73,01094000,"Merrimack River near Goffs Falls below Manchester, NH",52
2025-07-01 13:30:00-04:00,115.0,2.73,01094000,"Merrimack River near Goffs Falls below Manchester, NH",52
2025-07-01 13:45:00-04:00,115.0,2.73,01094000,"Merrimack River near Goffs Falls below Manchester, NH",52
2025-07-01 14:00:00-04:00,115.0,2.73,01094000,"Merrimack River near Goffs Falls below Manchester, NH",52
2025-07-01 14:15:00-04:00,115.0,2.73,01094000,"Merrimack River near Goffs Falls below Manchester, NH",52
2025-07-01 14:30:00-04:00,115.0,2.73,01094000,"Merrimack River near Goffs Falls below Manchester, NH",52
2025-07-01 14:45:00-04:00,115.0,2.73,01094000,"Merrimack River near Goffs Falls below Manchester, NH",52
2025-07-01 15:00:00-04:00,115.0,2.73,01094000,"Merrimack River near Goffs Falls below Manchester, NH",52
2025-07-01 15:15:00-04:00,115.0,2.73,01094000,"Merrimack River near Goffs Falls below Manchester, NH",52
2025-07-01 15:30:00-04:00,115.0,2.73,01094000,"Merrimack River near Goffs Falls below Manchester, NH",52
2025-07-01 15:45:00-04:00,115.0,2.73,01094000,"Merrimack River near Goffs Falls below Manchester, NH",52
2025-07-01 16:00:00-04:00,115.0,2.73,01094000,"Merrimack River near Goffs Falls below Manchester, NH",52
2025-07-01 16:15:00-04:00,115.0,2.73,01094000,"Merrimack River near Goffs Falls below Manchester, NH",52
2025-07-01 16:30:00-04:00,115.0,2.73,01094000,"Merrimack River near Goffs Falls below Manchester, NH",52
2025-07-01 16:45:00-04:00,115.0,2.73,01094000,"Merrimack River near Goffs Falls below Manchester, NH",52
2025-07-01 17:00:00-04:00,115.0,2.73,01094000,"Merrimack River near Goffs Falls below Manchester, NH",52
2025-07-01 17:15:00-04:00,115.0,2.73,01094000,"Merrimack River near Goffs Falls below Manchester, NH",52
2025-07-01 17:30:00-04:00,115.0,2.73,01094000,"Merrimack River near Goffs Falls below Manchester, NH",52
2025-07-01 17:45:00-04:00,115.0,2.73,01094000,"Merrimack River near Goffs Falls below Manchester, NH",52
2025-07-01 18:00:00-04:00,115.0,2.73,01094000,"Merrimack River near Goffs Falls below Manchester, NH",52
2025-07-01 18:15:00-04:00,115.0,2.73,01094000,"Merrimack River near Goffs Falls below Manchester, NH",52
2025-07-01 18:30:00-04:00,115.0,2.73,01094000,"Merrimack River near Goffs Falls below Manchester, NH",52
2025-07-01 18:45:00-04:00,115.0,2.73,01094000,"Merrimack River near Goffs Falls below Manchester, NH",52
2025-07-01 19:00:00-04:00,115.0,2.73,01094000,"Merrimack River near Goffs Falls below Manchester, NH",52
2025-07-01 19:15:00-04:00,115.0,2.73,01094000,"Merrimack River near Goffs Falls below Manchester, NH",52
2025-07-01 19:30:00-04:00,115.0,2.73,01094000,"Merrimack River near Goffs Falls below Manchester, NH",52
2025-07-01 19:45:00-04:00,115.0,2.73,01094000,"Merrimack River near Goffs Falls below Manchester, NH",52
2025-07-01 20:00:00-04:00,115.0,2.73,01094000,"Merrimack River near Goffs Falls below Manchester, NH",52
2025-07-01 20:15:00-04:00,115.0,2.73,01094000,"Merrimack River near Goffs Falls below Manchester, NH",52
2025-07-01 20:30:00-04:00,115.0,2.73,01094000,"Merrimack River near Goffs Falls below Manchester, NH",52
2025-07-01 20:45:00-04:00,115.0,2.73,01094000,"Merrimack River near Goffs Falls below Manchester, NH",52
2025-07-01 21:00:00-04:00,115.0,2.73,01094000,"Merrimack River near Goffs Falls below Manchester, NH",52
2025-07-01 21:15:00-04:00,115.0,2.73,01094000,"Merrimack River near Goffs Falls below Manchester, NH",52
2025-07-01 21:30:00-04:00,115.0,2.73,01094000,"Merrimack River near Goffs Falls below Manchester, NH",52
2025-07-01 21:45:00-04:00,115.0,2.73,01094000,"Merrimack River near Goffs Falls below Manchester, NH",52
2025-07-01 22:00:00-04:00,115.0,2.73,01094000,"Merrimack River near Goffs Falls below Manchester, NH",52
2025-07-01 22:15:00-04:00,115.0,2.73,01094000,"Merrimack River near Goffs Falls below Manchester, NH",52
2025-07-01 22:30:00-04:00,115.0,2.73,01094000,"Merrimack River near Goffs Falls below Manchester, NH",52
2025-07-01 22:45:00-04:00,115.0,2.73,01094000,"Merrimack River near Goffs Falls below Manchester, NH",52
2025-07-01 23:00:00-04:00,115.0,2.73,01094000,"Merrimack River near Goffs Falls below Manchester, NH",52
2025-07-01 23:15:00-04:00,115.0,2.73,01094000,"Merrimack River near Goffs Falls below Manchester, NH",52
2025-07-01 23:30:00-04:00,115.0,2.73,01094000,"Merrimack River near Goffs Falls below Manchester, NH",52
2025-07-01 23:45:00-04:00,115.0,2.73,01094000,"Merrimack River near Goffs Falls below Manchester, NH",52
2025-07-02 00:00:00-04:00,115.0,2.73,01094000,"Merrimack River near Goffs Falls below Manchester, NH",52
2025-07-02 00:15:00-04:00,115.0,2.73,01094000,"Merrimack River near Goffs Falls below Manchester, NH",52
2025-07-02 00:30:00-04:00,115.0,2.73,01094000,"Merrimack River near Goffs Falls below Manchester, NH",52
2025-07-02 00:45:00-04:00,112.0,2.72,01094000,"Merrimack River near Goffs Falls below Manchester, NH",52
2025-07-02 01:00:00-04:00,112.0,2.72,01094000,"Merrimack River near Goffs Falls below Manchester, NH",52
2025-07-02 01:15:00-04:00,112.0,2.72,01094000,"Merrimack River near Goffs Falls below Manchester, NH",52
2025-07-02 01:30:00-04:00,112.0,2.72,01094000,"Merrimack River near Goffs Falls below Manchester, NH",52
2025-07-02 01:45:00-04:00,112.0,2.72,01094000,"Merrimack River near Goffs Falls below Manchester, NH",52
2025-07-02 02:00:00-04:00,112.0,2.72,01094000,"Merrimack River near Goffs Falls below Manchester, NH",52
2025-07-02 02:15:00-04:00,112.0,2.72,01094000,"Merrimack River near Goffs Falls below Manchester, NH",52
2025-07-02 02:30:00-04:00,112.0,2.72,01094000,"Merrimack River near Goffs Falls below Manchester, NH",52
2025-07-02 02:45:00-04:00,112.0,2.72,01094000,"Merrimack River near Goffs Falls below Manchester, NH",52
2025-07-02 03:00:00-04:00,112.0,2.72,01094000,"Merrimack River near Goffs Falls below Manchester, NH",52
2025-07-02 03:15:00-04:00,112.0,2.72,01094000,"Merrimack River near Goffs Falls below Manchester, NH",52
2025-07-02 03:30:00-04:00,112.0,2.72,01094000,"Merrimack River near Goffs Falls below Manchester, NH",52
2025-07-02 03:45:00-04:00,112.0,2.72,01094000,"Merrimack River near Goffs Falls below Manchester, NH",52
2025-07-02 04:00:00-04:00,112.0,2.72,01094000,"Merrimack River near Goffs Falls below Manchester, NH",52
2025-07-02 04:15:00-04:00,112.0,2.72,01094000,"Merrimack River near Goffs Falls below Manchester, NH",52
2025-07-02 04:30:00-04:00,112.0,2.72,01094000,"Merrimack River near Goffs Falls below Manchester, NH",52
2025-07-02 04:45:00-04:00,110.0,2.71,01094000,"Merrimack River near Goffs Falls below Manchester, NH",52
2025-07-02 05:00:00-04:00,110.0,2.71,01094000,"Merrimack River near Goffs Falls below Manchester, NH",52
2025-07-02 05:15:00-04:00,110.0,2.71,01094000,"Merrimack River near Goffs Falls below Manchester, NH",52
2025-07-02 05:30:00-04:00,110.0,2.71,01094000,"Merrimack River near Goffs Falls below Manchester, NH",52
2025-07-02 05:45:00-04:00,110.0,2.71,01094000,"Merrimack River near Goffs Falls below Manchester, NH",52
2025-07-02 06:00:00-04:00,110.0,2.71,01094000,"Merrimack River near Goffs Falls below Manchester, NH",52
2025-07-02 06:15:00-04:00,110.0,2.71,01094000,"Merrimack River near Goffs Falls below Manchester, NH",52
2025-07-02 06:30:00-04:00,110.0,2.71,01094000,"Merrimack River near Goffs Falls below Manchester, NH",52
2025-07-02 06:45:00-04:00,110.0,2.71,01094000,"Merrimack River near Goffs Falls below Manchester, NH",52
2025-07-02 07:00:00-04:00,110.0,2.71,01094000,"Merrimack River near Goffs Falls below Manchester, NH",52
2025-07-02 07:15:00-04:00,110.0,2.71,01094000,"Merrimack River near Goffs Falls below Manchester, NH",52
2025-07-02 07:30:00-04:00,110.0,2.71,01094000,"Merrimack River near Goffs Falls below Manchester, NH",52
2025-07-02 07:45:00-04:00,110.0,2.71,01094000,"Merrimack River near Goffs Falls below Manchester, NH",52
2025-07-02 08:00:00-04:00,110.0,2.71,01094000,"Merrimack River near Goffs Falls below Manchester, NH",52
2025-07-02 08:15:00-04:00,110.0,2.71,01094000,"Merrimack River near Goffs Falls below Manchester, NH",52
2025-07-02 08:30:00-04:00,110.0,2.71,01094000,"Merrimack River near Goffs Falls below Manchester, NH",52
2025-07-02 08:45:00-04:00,110.0,2.71,01094000,"Merrimack River near Goffs Falls below Manchester, NH",52
2025-07-02 09:00:00-04:00,110.0,2.71,01094000,"Merrimack River near Goffs Falls below Manchester, NH",52
2025-07-02 09:15:00-04:00,110.0,2.71,01094000,"Merrimack River near Goffs Falls below Manchester, NH",52
2025-07-02 09:30:00-04:00,110.0,2.71,01094000,"Merrimack River near Goffs Falls below Manchester, NH",52
2025-07-02 09:45:00-04:00,110.0,2.71,01094000,"Merrimack River near Goffs Falls below Manchester, NH",52
2025-07-02 10:00:00-04:00,110.0,2.71,01094000,"Merrimack River near Goffs Falls below Manchester, NH",52
2025-07-02 10:15:00-04:00,108.0,2.7,01094000,"Merrimack River near Goffs Falls below Manchester, NH",52
2025-07-02 10:30:00-04:00,108.0,2.7,01094000,"Merrimack River near Goffs Falls below Manchester, NH",52
2025-07-02 10:45:00-04:00,108.0,2.7,01094000,"Merrimack River near Goffs Falls below Manchester, NH",52
2025-07-02 11:00:00-04:00,108.0,2.7,01094000,"Merrimack River near Goffs Falls below Manchester, NH",52
2025-07-02 11:15:00-04:00,108.0,2.7,01094000,"Merrimack River near Goffs Falls below Manchester, NH",52
2025-07-02 11:30:00-04:00,108.0,2.7,01094000,"Merrimack River near Goffs Falls below Manchester, NH",52
2025-07-02 11:45:00-04:00,108.0,2.7,01094000,"Merrimack River near Goffs Falls below Manchester, NH",52
2025-07-02 12:00:00-04:00,108.0,2.7,01094000,"Merrimack River near Goffs Falls below Manchester, NH",52
2025-07-02 12:15:00-04:00,108.0,2.7,01094000,"Merrimack River near Goffs Falls below Manchester, NH",52
2025-07-02 12:30:00-04:00,108.0,2.7,01094000,"Merrimack River near Goffs Falls below Manchester, NH",52
2025-07-02 12:45:00-04:00,108.0,2.7,01094000,"Merrimack River near Goffs Falls below Manchester, NH",52
2025-07-02 13:00:00-04:00,108.0,2.7,01094000,"Merrimack River near Goffs Falls below Manchester, NH",52
2025-07-02 13:15:00-04:00,108.0,2.7,01094000,"Merrimack River near Goffs Falls below Manchester, NH",52
2025-07-02 13:30:00-04:00,108.0,2.7,01094000,"Merrimack River near Goffs Falls below Manchester, NH",52
2025-07-02 13:45:00-04:00,108.0,2.7,01094000,"Merrimack River near Goffs Falls below Manchester, NH",52
2025-07-02 14:00:00-04:00,108.0,2.7,01094000,"Merrimack River near Goffs Falls below Manchester, NH",52
2025-07-02 14:15:00-04:00,108.0,2.7,01094000,"Merrimack River near Goffs Falls below Manchester, NH",52
2025-07-02 14:30:00-04:00,106.0,2.69,01094000,"Merrimack River near Goffs Falls below Manchester, NH",52
2025-07-02 14:45:00-04:00,106.0,2.69,01094000,"Merrimack River near Goffs Falls below Manchester, NH",52
2025-07-02 15:00:00-04:00,106.0,2.69,01094000,"Merrimack River near Goffs Falls below Manchester, NH",52
2025-07-02 15:15:00-04:00,106.0,2.69,01094000,"Merrimack River near Goffs Falls below Manchester, NH",52
2025-07-02 15:30:00-04:00,106.0,2.69,01094000,"Merrimack River near Goffs Falls below Manchester, NH",52
2025-07-02 15:45:00-04:00,106.0,2.69,01094000,"Merrimack River near Goffs Falls below Manchester, NH",52
2025-07-02 16:00:00-04:00,106.0,2.69,01094000,"Merrimack River near Goffs Falls below Manchester, NH",52
2025-07-02 16:15:00-04:00,106.0,2.69,01094000,"Merrimack River near Goffs Falls below Manchester, NH",52
2025-07-02 16:30:00-04:00,106.0,2.69,01094000,"Merrimack River near Goffs Falls below Manchester, NH",52
2025-07-02 16:45:00-04:00,106.0,2.69,01094000,"Merrimack River near Goffs Falls below Manchester, NH",52
2025-07-02 17:00:00-04:00,106.0,2.69,01094000,"Merrimack River near Goffs Falls below Manchester, NH",52
2025-07-02 17:15:00-04:00,106.0,2.69,01094000,"Merrimack River near Goffs Falls below Manchester, NH",52
2025-07-02 17:30:00-04:00,106.0,2.69,01094000,"Merrimack River near Goffs Falls below Manchester, NH",52
2025-07-02 17:45:00-04:00,106.0,2.69,01094000,"Merrimack River near Goffs Falls below Manchester, NH",52
2025-07-02 18:00:00-04:00,106.0,2.69,01094000,"Merrimack River near Goffs Falls below Manchester, NH",52
2025-07-02 18:15:00-04:00,106.0,2.69,01094000,"Merrimack River near Goffs Falls below Manchester, NH",52
2025-07-02 18:30:00-04:00,106.0,2.69,01094000,"Merrimack River near Goffs Falls below Manchester, NH",52
2025-07-02 18:45:00-04:00,106.0,2.69,01094000,"Merrimack River near Goffs Falls below Manchester, NH",52
2025-07-02 19:00:00-04:00,106.0,2.69,01094000,"Merrimack River near Goffs Falls below Manchester, NH",52
2025-07-02 19:15:00-04:00,106.0,2.69,01094000,"Merrimack River near Goffs Falls below Manchester, NH",52
2025-07-02 19:30:00-04:00,106.0,2.69,01094000,"Merrimack River near Goffs Falls below Manchester, NH",52
2025-07-02 19:45:00-04:00,106.0,2.69,01094000,"Merrimack River near Goffs Falls below Manchester, NH",52
2025-07-02 20:00:00-04:00,106.0,2.69,01094000,"Merrimack River near Goffs Falls below Manchester, NH",52
2025-07-02 20:15:00-04:00,106.0,2.69,01094000,"Merrimack River near Goffs Falls below Manchester, NH",52
2025-07-02 20:30:00-04:00,106.0,2.69,01094000,"Merrimack River near Goffs Falls below Manchester, NH",52
2025-07-02 20:45:00-04:00,106.0,2.69,01094000,"Merrimack River near Goffs Falls below Manchester, NH",52
2025-07-02 21:00:00-04:00,106.0,2.69,01094000,"Merrimack River near Goffs Falls below Manchester, NH",52
2025-07-02 21:15:00-04:00,106.0,2.69,01094000,"Merrimack River near Goffs Falls below Manchester, NH",52
2025-07-02 21:30:00-04:00,106.0,2.69,01094000,"Merrimack River near Goffs Falls below Manchester, NH",52
2025-07-02 21:45:00-04:00,106.0,2.69,01094000,"Merrimack River near Goffs Falls below Manchester, NH",52
2025-07-02 22:00:00-04:00,106.0,2.69,01094000,"Merrimack River near Goffs Falls below Manchester, NH",52
2025-07-02 22:15:00-04:00,106.0,2.69,01094000,"Merrimack River near Goffs Falls below Manchester, NH",52
2025-07-02 22:30:00-04:00,106.0,2.69,01094000,"Merrimack River near Goffs Falls below Manchester, NH",52
2025-07-02 22:45:00-04:00,106.0,2.69,01094000,"Merrimack River near Goffs Falls below Manchester, NH",52
2025-07-02 23:00:00-04:00,106.0,2.69,01094000,"Merrimack River near Goffs Falls below Manchester, NH",52
2025-07-02 23:15:00-04:00,106.0,2.69,01094000,"Merrimack River near Goffs Falls below Manchester, NH",52
2025-07-02 23:30:00-04:00,106.0,2.69,01094000,"Merrimack River near Goffs Falls below Manchester, NH",52
2025-07-02 23:45:00-04:00,106.0,2.69,01094000,"Merrimack River near Goffs Falls below Manchester, NH",52
2025-07-03 00:00:00-04:00,106.0,2.69,01094000,"Merrimack River near Goffs Falls below Manchester, NH",52
2025-07-03 00:15:00-04:00,106.0,2.69,01094000,"Merrimack River near Goffs Falls below Manchester, NH",52
2025-07-03 00:30:00-04:00,106.0,2.69,01094000,"Merrimack River near Goffs Falls below Manchester, NH",52
2025-07-03 00:45:00-04:00,106.0,2.69,01094000,"Merrimack River near Goffs Falls below Manchester, NH",52
2025-07-03 01:00:00-04:00,106.0,2.69,01094000,"Merrimack River near Goffs Falls below Manchester, NH",52
2025-07-03 01:15:00-04:00,106.0,2.69,01094000,"Merrimack River near Goffs Falls below Manchester, NH",52
2025-07-03 01:30:00-04:00,106.0,2.69,01094000,"Merrimack River near Goffs Falls below Manchester, NH",52
2025-07-03 01:45:00-04:00,106.0,2.69,01094000,"Merrimack River near Goffs Falls below Manchester, NH",52
2025-07-03 02:00:00-04:00,106.0,2.69,01094000,"Merrimack River near Goffs Falls below Manchester, NH",52
2025-07-03 02:15:00-04:00,106.0,2.69,01094000,"Merrimack River near Goffs Falls below Manchester, NH",52
2025-07-03 02:30:00-04:00,106.0,2.69,01094000,"Merrimack River near Goffs Falls below Manchester, NH",52
2025-07-03 02:45:00-04:00,106.0,2.69,01094000,"Merrimack River near Goffs Falls below Manchester, NH",52
2025-07-03 03:00:00-04:00,104.0,2.68,01094000,"Merrimack River near Goffs Falls below Manchester, NH",52
2025-07-03 03:15:00-04:00,104.0,2.68,01094000,"Merrimack River near Goffs Falls below Manchester, NH",52
2025-07-03 03:30:00-04:00,104.0,2.68,01094000,"Merrimack River near Goffs Falls below Manchester, NH",52
2025-07-03 03:45:00-04:00,104.0,2.68,01094000,"Merrimack River near Goffs Falls below Manchester, NH",52
2025-07-03 04:00:00-04:00,104.0,2.68,01094000,"Merrimack River near Goffs Falls below Manchester, NH",52
2025-07-03 04:15:00-04:00,104.0,2.68,01094000,"Merrimack River near Goffs Falls below Manchester, NH",52
2025-07-03 04:30:00-04:00,104.0,2.68,01094000,"Merrimack River near Goffs Falls below Manchester, NH",52
2025-07-03 04:45:00-04:00,104.0,2.68,01094000,"Merrimack River near Goffs Falls below Manchester, NH",52
2025-07-03 05:00:00-04:00,104.0,2.68,01094000,"Merrimack River near Goffs Falls below Manchester, NH",52
2025-07-03 05:15:00-04:00,104.0,2.68,01094000,"Merrimack River near Goffs Falls below Manchester, NH",52
2025-07-03 05:30:00-04:00,104.0,2.68,01094000,"Merrimack River near Goffs Falls below Manchester, NH",52
2025-07-03 05:45:00-04:00,104.0,2.68,01094000,"Merrimack River near Goffs Falls below Manchester, NH",52
2025-07-03 06:00:00-04:00,104.0,2.68,01094000,"Merrimack River near Goffs Falls below Manchester, NH",52
2025-07-03 06:15:00-04:00,102.0,2.67,01094000,"Merrimack River near Goffs Falls below Manchester, NH",51
2025-07-03 06:30:00-04:00,102.0,2.67,01094000,"Merrimack River near Goffs Falls below Manchester, NH",51
2025-07-03 06:45:00-04:00,102.0,2.67,01094000,"Merrimack River near Goffs Falls below Manchester, NH",51
2025-07-03 07:00:00-04:00,102.0,2.67,01094000,"Merrimack River near Goffs Falls below Manchester, NH",51
2025-07-03 07:15:00-04:00,102.0,2.67,01094000,"Merrimack River near Goffs Falls below Manchester, NH",51
2025-07-03 07:30:00-04:00,102.0,2.67,01094000,"Merrimack River near Goffs Falls below Manchester, NH",51
2025-07-03 07:45:00-04:00,102.0,2.67,01094000,"Merrimack River near Goffs Falls below Manchester, NH",51
2025-07-03 08:00:00-04:00,102.0,2.67,01094000,"Merrimack River near Goffs Falls below Manchester, NH",51
2025-07-03 08:15:00-04:00,102.0,2.67,01094000,"Merrimack River near Goffs Falls below Manchester, NH",51
2025-07-03 08:30:00-04:00,102.0,2.67,01094000,"Merrimack River near Goffs Falls below Manchester, NH",51
2025-07-03 08:45:00-04:00,102.0,2.67,01094000,"Merrimack River near Goffs Falls below Manchester, NH",51
2025-07-03 09:00:00-04:00,102.0,2.67,01094000,"Merrimack River near Goffs Falls below Manchester, NH",51
2025-07-03 09:15:00-04:00,102.0,2.67,01094000,"Merrimack River near Goffs Falls below Manchester, NH",51
2025-07-03 09:30:00-04:00,99.4,2.66,01094000,"Merrimack River near Goffs Falls below Manchester, NH",51
2025-07-03 09:45:00-04:00,99.4,2.66,01094000,"Merrimack River near Goffs Falls below Manchester, NH",51
2025-07-03 10:00:00-04:00,99.4,2.66,01094000,"Merrimack River near Goffs Falls below Manchester, NH",51
2025-07-03 10:15:00-04:00,99.4,2.66,01094000,"Merrimack River near Goffs Falls below Manchester, NH",51
2025-07-03 10:30:00-04:00,99.4,2.66,01094000,"Merrimack River near Goffs Falls below Manchester, NH",51
2025-07-03 10:45:00-04:00,99.4,2.66,01094000,"Merrimack River near Goffs Falls below Manchester, NH",51
2025-07-03 11:00:00-04:00,99.4,2.66,01094000,"Merrimack River near Goffs Falls below Manchester, NH",51
2025-07-03 11:15:00-04:00,99.4,2.66,01094000,"Merrimack River near Goffs Falls below Manchester, NH",51
2025-07-03 11:30:00-04:00,99.4,2.66,01094000,"Merrimack River near Goffs Falls below Manchester, NH",51
2025-07-03 11:45:00-04:00,99.4,2.66,01094000,"Merrimack River near Goffs Falls below Manchester, NH",51
2025-07-03 12:00:00-04:00,99.4,2.66,01094000,"Merrimack River near Goffs Falls below Manchester, NH",51
2025-07-03 12:15:00-04:00,102.0,2.67,01094000,"Merrimack River near Goffs Falls below Manchester, NH",51
2025-07-03 12:30:00-04:00,102.0,2.67,01094000,"Merrimack River near Goffs Falls below Manchester, NH",51
2025-07-03 12:45:00-04:00,99.4,2.66,01094000,"Merrimack River near Goffs Falls below Manchester, NH",51
2025-07-03 13:00:00-04:00,99.4,2.66,01094000,"Merrimack River near Goffs Falls below Manchester, NH",51
2025-07-03 13:15:00-04:00,99.4,2.66,01094000,"Merrimack River near Goffs Falls below Manchester, NH",51
2025-07-03 13:30:00-04:00,99.4,2.66,01094000,"Merrimack River near Goffs Falls below Manchester, NH",51
2025-07-03 13:45:00-04:00,99.4,2.66,01094000,"Merrimack River near Goffs Falls below Manchester, NH",51
2025-07-03 14:00:00-04:00,99.4,2.66,01094000,"Merrimack River near Goffs Falls below Manchester, NH",51
2025-07-03 14:15:00-04:00,99.4,2.66,01094000,"Merrimack River near Goffs Falls below Manchester, NH",51
2025-07-03 14:30:00-04:00,99.4,2.66,01094000,"Merrimack River near Goffs Falls below Manchester, NH",51
2025-07-03 14:45:00-04:00,99.4,2.66,01094000,"Merrimack River near Goffs Falls below Manchester, NH",51
2025-07-03 15:00:00-04:00,99.4,2.66,01094000,"Merrimack River near Goffs Falls below Manchester, NH",51
2025-07-03 15:15:00-04:00,99.4,2.66,01094000,"Merrimack River near Goffs Falls below Manchester, NH",51
2025-07-03 15:30:00-04:00,99.4,2.66,01094000,"Merrimack River near Goffs Falls below Manchester, NH",51
2025-07-03 15:45:00-04:00,99.4,2.66,01094000,"Merrimack River near Goffs Falls below Manchester, NH",51
2025-07-03 16:00:00-04:00,97.3,2.65,01094000,"Merrimack River near Goffs Falls below Manchester, NH",51
2025-07-03 16:15:00-04:00,97.3,2.65,01094000,"Merrimack River near Goffs Falls below Manchester, NH",51
2025-07-03 16:30:00-04:00,97.3,2.65,01094000,"Merrimack River near Goffs Falls below Manchester, NH",51
2025-07-03 16:45:00-04:00,97.3,2.65,01094000,"Merrimack River near Goffs Falls below Manchester, NH",51
2025-07-03 17:00:00-04:00,97.3,2.65,01094000,"Merrimack River near Goffs Falls below Manchester, NH",51
2025-07-03 17:15:00-04:00,97.3,2.65,01094000,"Merrimack River near Goffs Falls below Manchester, NH",51
2025-07-03 17:30:00-04:00,97.3,2.65,01094000,"Merrimack River near Goffs Falls below Manchester, NH",51
2025-07-03 17:45:00-04:00,97.3,2.65,01094000,"Merrimack River near Goffs Falls below Manchester, NH",51
2025-07-03 18:00:00-04:00,97.3,2.65,01094000,"Merrimack River near Goffs Falls below Manchester, NH",51
2025-07-03 18:15:00-04:00,97.3,2.65,01094000,"Merrimack River near Goffs Falls below Manchester, NH",51
2025-07-03 18:30:00-04:00,97.3,2.65,01094000,"Merrimack River near Goffs Falls below Manchester, NH",51
2025-07-03 18:45:00-04:00,97.3,2.65,01094000,"Merrimack River near Goffs Falls below Manchester, NH",51
2025-07-03 19:00:00-04:00,97.3,2.65,01094000,"Merrimack River near Goffs Falls below Manchester, NH",51
2025-07-03 19:15:00-04:00,97.3,2.65,01094000,"Merrimack River near Goffs Falls below Manchester, NH",51
2025-07-03 19:30:00-04:00,97.3,2.65,01094000,"Merrimack River near Goffs Falls below Manchester, NH",51
2025-07-03 19:45:00-04:00,97.3,2.65,01094000,"Merrimack River near Goffs Falls below Manchester, NH",51
2025-07-03 20:00:00-04:00,97.3,2.65,01094000,"Merrimack River near Goffs Falls below Manchester, NH",51
2025-07-03 20:15:00-04:00,97.3,2.65,01094000,"Merrimack River near Goffs Falls below Manchester, NH",51
2025-07-03 20:30:00-04:00,97.3,2.65,01094000,"Merrimack River near Goffs Falls below Manchester, NH",51
2025-07-03 20:45:00-04:00,97.3,2.65,01094000,"Merrimack River near Goffs Falls below Manchester, NH",51
2025-07-03 21:00:00-04:00,97.3,2.65,01094000,"Merrimack River near Goffs Falls below Manchester, NH",51
2025-07-03 21:15:00-04:00,97.3,2.65,01094000,"Merrimack River near Goffs Falls below Manchester, NH",51
2025-07-03 21:30:00-04:00,97.3,2.65,01094000,"Merrimack River near Goffs Falls below Manchester, NH",51
2025-07-03 21:45:00-04:00,97.3,2.65,01094000,"Merrimack River near Goffs Falls below Manchester, NH",51
2025-07-03 22:00:00-04:00,97.3,2.65,01094000,"Merrimack River near Goffs Falls below Manchester, NH",51
2025-07-03 22:15:00-04:00,97.3,2.65,01094000,"Merrimack River near Goffs Falls below Manchester, NH",51
2025-07-03 22:30:00-04:00,97.3,2.65,01094000,"Merrimack River near Goffs Falls below Manchester, NH",51
2025-07-03 22:45:00-04:00,97.3,2.65,01094000,"Merrimack River near Goffs Falls below Manchester, NH",51
2025-07-03 23:00:00-04:00,97.3,2.65,01094000,"Merrimack River near Goffs Falls below Manchester, NH",51
2025-07-03 23:15:00-04:00,97.3,2.65,01094000,"Merrimack River near Goffs Falls below Manchester, NH",51
2025-07-03 23:30:00-04:00,97.3,2.65,01094000,"Merrimack River near Goffs Falls below Manchester, NH",51
2025-07-03 23:45:00-04:00,97.3,2.65,01094000,"Merrimack River near Goffs Falls below Manchester, NH",51
2025-07-04 00:00:00-04:00,97.3,2.65,01094000,"Merrimack River near Goffs Falls below Manchester, NH",51
2025-07-04 00:15:00-04:00,97.3,2.65,01094000,"Merrimack River near Goffs Falls below Manchester, NH",51
2025-07-04 00:30:00-04:00,97.3,2.65,01094000,"Merrimack River near Goffs Falls below Manchester, NH",51
2025-07-04 00:45:00-04:00,97.3,2.65,01094000,"Merrimack River near Goffs Falls below Manchester, NH",51
2025-07-04 01:00:00-04:00,97.3,2.65,01094000,"Merrimack River near Goffs Falls below Manchester, NH",51
2025-07-04 01:15:00-04:00,97.3,2.65,01094000,"Merrimack River near Goffs Falls below Manchester, NH",51
2025-07-04 01:30:00-04:00,97.3,2.65,01094000,"Merrimack River near Goffs Falls below Manchester, NH",51
2025-07-04 01:45:00-04:00,95.2,2.64,01094000,"Merrimack River near Goffs Falls below Manchester, NH",51
2025-07-04 02:00:00-04:00,95.2,2.64,01094000,"Merrimack River near Goffs Falls below Manchester, NH",51
2025-07-04 02:15:00-04:00,95.2,2.64,01094000,"Merrimack River near Goffs Falls below Manchester, NH",51
2025-07-04 02:30:00-04:00,95.2,2.64,01094000,"Merrimack River near Goffs Falls below Manchester, NH",51
2025-07-04 02:45:00-04:00,95.2,2.64,01094000,"Merrimack River near Goffs Falls below Manchester, NH",51
2025-07-04 03:00:00-04:00,95.2,2.64,01094000,"Merrimack River near Goffs Falls below Manchester, NH",51
2025-07-04 03:15:00-04:00,95.2,2.64,01094000,"Merrimack River near Goffs Falls below Manchester, NH",51
2025-07-04 03:30:00-04:00,95.2,2.64,01094000,"Merrimack River near Goffs Falls below Manchester, NH",51
2025-07-04 03:45:00-04:00,95.2,2.64,01094000,"Merrimack River near Goffs Falls below Manchester, NH",51
2025-07-04 04:00:00-04:00,95.2,2.64,01094000,"Merrimack River near Goffs Falls below Manchester, NH",51
2025-07-04 04:15:00-04:00,95.2,2.64,01094000,"Merrimack River near Goffs Falls below Manchester, NH",51
2025-07-04 04:30:00-04:00,95.2,2.64,01094000,"Merrimack River near Goffs Falls below Manchester, NH",51
2025-07-04 04:45:00-04:00,93.2,2.63,01094000,"Merrimack River near Goffs Falls below Manchester, NH",51
2025-07-04 05:00:00-04:00,93.2,2.63,01094000,"Merrimack River near Goffs Falls below Manchester, NH",51
2025-07-04 05:15:00-04:00,93.2,2.63,01094000,"Merrimack River near Goffs Falls below Manchester, NH",51
2025-07-04 05:30:00-04:00,93.2,2.63,01094000,"Merrimack River near Goffs Falls below Manchester, NH",51
2025-07-04 05:45:00-04:00,93.2,2.63,01094000,"Merrimack River near Goffs Falls below Manchester, NH",51
2025-07-04 06:00:00-04:00,93.2,2.63,01094000,"Merrimack River near Goffs Falls below Manchester, NH",51
2025-07-04 06:15:00-04:00,93.2,2.63,01094000,"Merrimack River near Goffs Falls below Manchester, NH",51
2025-07-04 06:30:00-04:00,93.2,2.63,01094000,"Merrimack River near Goffs Falls below Manchester, NH",51
2025-07-04 06:45:00-04:00,93.2,2.63,01094000,"Merrimack River near Goffs Falls below Manchester, NH",51
2025-07-04 07:00:00-04:00,93.2,2.63,01094000,"Merrimack River near Goffs Falls below Manchester, NH",51
2025-07-04 07:15:00-04:00,93.2,2.63,01094000,"Merrimack River near Goffs Falls below Manchester, NH",51
2025-07-04 07:30:00-04:00,93.2,2.63,01094000,"Merrimack River near Goffs Falls below Manchester, NH",51
2025-07-04 07:45:00-04:00,93.2,2.63,01094000,"Merrimack River near Goffs Falls below Manchester, NH",51
2025-07-04 08:00:00-04:00,93.2,2.63,01094000,"Merrimack River near Goffs Falls below Manchester, NH",51
2025-07-04 08:15:00-04:00,93.2,2.63,01094000,"Merrimack River near Goffs Falls below Manchester, NH",51
2025-07-04 08:30:00-04:00,93.2,2.63,01094000,"Merrimack River near Goffs Falls below Manchester, NH",51
2025-07-04 08:45:00-04:00,93.2,2.63,01094000,"Merrimack River near Goffs Falls below Manchester, NH",51
2025-07-04 09:00:00-04:00,93.2,2.63,01094000,"Merrimack River near Goffs Falls below Manchester, NH",51
2025-07-04 09:15:00-04:00,93.2,2.63,01094000,"Merrimack River near Goffs Falls below Manchester, NH",51
2025-07-04 09:30:00-04:00,93.2,2.63,01094000,"Merrimack River near Goffs Falls below Manchester, NH",51
2025-07-04 09:45:00-04:00,93.2,2.63,01094000,"Merrimack River near Goffs Falls below Manchester, NH",51
2025-07-04 10:00:00-04:00,93.2,2.63,01094000,"Merrimack River near Goffs Falls below Manchester, NH",51
2025-07-04 10:15:00-04:00,93.2,2.63,01094000,"Merrimack River near Goffs Falls below Manchester, NH",51
2025-07-04 10:30:00-04:00,93.2,2.63,01094000,"Merrimack River near Goffs Falls below Manchester, NH",51
2025-07-04 10:45:00-04:00,93.2,2.63,01094000,"Merrimack River near Goffs Falls below Manchester, NH",51
2025-07-04 11:00:00-04:00,93.2,2.63,01094000,"Merrimack River near Goffs Falls below Manchester, NH",51
2025-07-04 11:15:00-04:00,91.1,2.62,01094000,"Merrimack River near Goffs Falls below Manchester, NH",51
2025-07-04 11:30:00-04:00,91.1,2.62,01094000,"Merrimack River near Goffs Falls below Manchester, NH",51
2025-07-04 11:45:00-04:00,91.1,2.62,01094000,"Merrimack River near Goffs Falls below Manchester, NH",51
2025-07-04 12:00:00-04:00,93.2,2.63,01094000,"Merrimack River near Goffs Falls below Manchester, NH",51
2025-07-04 12:15:00-04:00,93.2,2.63,01094000,"Merrimack River near Goffs Falls below Manchester, NH",51
2025-07-04 12:30:00-04:00,93.2,2.63,01094000,"Merrimack River near Goffs Falls below Manchester, NH",51
2025-07-04 12:45:00-04:00,91.1,2.62,01094000,"Merrimack River near Goffs Falls below Manchester, NH",51
2025-07-04 13:00:00-04:00,91.1,2.62,01094000,"Merrimack River near Goffs Falls below Manchester, NH",51
2025-07-04 13:15:00-04:00,91.1,2.62,01094000,"Merrimack River near Goffs Falls below Manchester, NH",51
2025-07-04 13:30:00-04:00,91.1,2.62,01094000,"Merrimack River near Goffs Falls below Manchester, NH",51
2025-07-04 13:45:00-04:00,91.1,2.62,01094000,"Merrimack River near Goffs Falls below Manchester, NH",51
2025-07-04 14:00:00-04:00,93.2,2.63,01094000,"Merrimack River near Goffs Falls below Manchester, NH",51
2025-07-04 14:15:00-04:00,91.1,2.62,01094000,"Merrimack River near Goffs Falls below Manchester, NH",51
2025-07-04 14:30:00-04:00,93.2,2.63,01094000,"Merrimack River near Goffs Falls below Manchester, NH",51
2025-07-04 14:45:00-04:00,91.1,2.62,01094000,"Merrimack River near Goffs Falls below Manchester, NH",51
2025-07-04 15:00:00-04:00,91.1,2.62,01094000,"Merrimack River near Goffs Falls below Manchester, NH",51
2025-07-04 15:15:00-04:00,91.1,2.62,01094000,"Merrimack River near Goffs Falls below Manchester, NH",51
2025-07-04 15:30:00-04:00,91.1,2.62,01094000,"Merrimack River near Goffs Falls below Manchester, NH",51
2025-07-04 15:45:00-04:00,91.1,2.62,01094000,"Merrimack River near Goffs Falls below Manchester, NH",51
2025-07-04 16:00:00-04:00,91.1,2.62,01094000,"Merrimack River near Goffs Falls below Manchester, NH",51
2025-07-04 16:15:00-04:00,93.2,2.63,01094000,"Merrimack River near Goffs Falls below Manchester, NH",51
2025-07-04 16:30:00-04:00,91.1,2.62,01094000,"Merrimack River near Goffs Falls below Manchester, NH",51
2025-07-04 16:45:00-04:00,91.1,2.62,01094000,"Merrimack River near Goffs Falls below Manchester, NH",51
2025-07-04 17:00:00-04:00,91.1,2.62,01094000,"Merrimack River near Goffs Falls below Manchester, NH",51
2025-07-04 17:15:00-04:00,93.2,2.63,01094000,"Merrimack River near Goffs Falls below Manchester, NH",51
2025-07-04 17:30:00-04:00,91.1,2.62,01094000,"Merrimack River near Goffs Falls below Manchester, NH",51
2025-07-04 17:45:00-04:00,91.1,2.62,01094000,"Merrimack River near Goffs Falls below Manchester, NH",51
2025-07-04 18:00:00-04:00,91.1,2.62,01094000,"Merrimack River near Goffs Falls below Manchester, NH",51
2025-07-04 18:15:00-04:00,91.1,2.62,01094000,"Merrimack River near Goffs Falls below Manchester, NH",51
2025-07-04 18:30:00-04:00,91.1,2.62,01094000,"Merrimack River near Goffs Falls below Manchester, NH",51
2025-07-04 18:45:00-04:00,91.1,2.62,01094000,"Merrimack River near Goffs Falls below Manchester, NH",51
2025-07-04 19:00:00-04:00,91.1,2.62,01094000,"Merrimack River near Goffs Falls below Manchester, NH",51
2025-07-04 19:15:00-04:00,91.1,2.62,01094000,"Merrimack River near Goffs Falls below Manchester, NH",51
2025-07-04 19:30:00-04:00,91.1,2.62,01094000,"Merrimack River near Goffs Falls below Manchester, NH",51
2025-07-04 19:45:00-04:00,91.1,2.62,01094000,"Merrimack River near Goffs Falls below Manchester, NH",51
2025-07-04 20:00:00-04:00,91.1,2.62,01094000,"Merrimack River near Goffs Falls below Manchester, NH",51
2025-07-04 20:15:00-04:00,91.1,2.62,01094000,"Merrimack River near Goffs Falls below Manchester, NH",51
2025-07-04 20:30:00-04:00,91.1,2.62,01094000,"Merrimack River near Goffs Falls below Manchester, NH",51
2025-07-04 20:45:00-04:00,91.1,2.62,01094000,"Merrimack River near Goffs Falls below Manchester, NH",51
2025-07-04 21:00:00-04:00,91.1,2.62,01094000,"Merrimack River near Goffs Falls below Manchester, NH",51
2025-07-04 21:15:00-04:00,91.1,2.62,01094000,"Merrimack River near Goffs Falls below Manchester, NH",51
2025-07-04 21:30:00-04:00,91.1,2.62,01094000,"Merrimack River near Goffs Falls below Manchester, NH",51
2025-07-04 21:45:00-04:00,91.1,2.62,01094000,"Merrimack River near Goffs Falls below Manchester, NH",51
2025-07-04 22:00:00-04:00,91.1,2.62,01094000,"Merrimack River near Goffs Falls below Manchester, NH",51
2025-07-04 22:15:00-04:00,91.1,2.62,01094000,"Merrimack River near Goffs Falls below Manchester, NH",51
2025-07-04 22:30:00-04:00,91.1,2.62,01094000,"Merrimack River near Goffs Falls below Manchester, NH",51
2025-07-04 22:45:00-04:00,91.1,2.62,01094000,"Merrimack River near Goffs Falls below Manchester, NH",51
2025-07-04 23:00:00-04:00,91.1,2.62,01094000,"Merrimack River near Goffs Falls below Manchester, NH",51
2025-07-04 23:15:00-04:00,91.1,2.62,01094000,"Merrimack River near Goffs Falls below Manchester, NH",51
2025-07-04 23:30:00-04:00,91.1,2.62,01094000,"Merrimack River near Goffs Falls below Manchester, NH",51
