datetime,site_id,site_name,temperature_f,humidity_percent,wind_speed_mph,precipitation_in,weather_condition
2025-06-30 21:35:07.442814+00:00,1073500,"Merrimack River below Concord River at Lowell, MA",70.0,50.0,5.0,0.0,Clear
2025-06-30 21:35:09.026222+00:00,1100000,"Merrimack River at Lowell, MA",70.0,50.0,5.0,0.0,Clear
2025-06-30 21:35:10.801336+00:00,1096500,"Merrimack River at North Chelmsford, MA",70.0,50.0,5.0,0.0,Clear
2025-06-30 21:35:12.537276+00:00,1094000,"Merrimack River near Goffs Falls below Manchester, NH",70.0,50.0,5.0,0.0,Clear
2025-06-30 21:35:14.023870+00:00,1092000,"Merrimack River at Franklin Junction, NH",70.0,50.0,5.0,0.0,Clear
2025-06-30 22:01:24.644908+00:00,1073500,"Merrimack River below Concord River at Lowell, MA",70.0,50.0,5.0,0.0,Clear
2025-06-30 22:01:26.637566+00:00,1100000,"Merrimack River at Lowell, MA",70.0,50.0,5.0,0.0,Clear
2025-06-30 22:01:28.255119+00:00,1096500,"Merrimack River at North Chelmsford, MA",70.0,50.0,5.0,0.0,Clear
2025-06-30 22:01:29.926645+00:00,1094000,"Merrimack River near Goffs Falls below Manchester, NH",70.0,50.0,5.0,0.0,Clear
2025-06-30 22:01:31.514966+00:00,1092000,"Merrimack River at Franklin Junction, NH",70.0,50.0,5.0,0.0,Clear
2025-06-30 22:11:41.354382+00:00,1073500,"Merrimack River below Concord River at Lowell, MA",70.0,50.0,5.0,0.0,Clear
2025-06-30 22:11:43.085211+00:00,1100000,"Merrimack River at Lowell, MA",70.0,50.0,5.0,0.0,Clear
2025-06-30 22:11:44.808406+00:00,1096500,"Merrimack River at North Chelmsford, MA",70.0,50.0,5.0,0.0,Clear
2025-06-30 22:11:46.557293+00:00,1094000,"Merrimack River near Goffs Falls below Manchester, NH",70.0,50.0,5.0,0.0,Clear
2025-06-30 22:11:48.328145+00:00,1092000,"Merrimack River at Franklin Junction, NH",70.0,50.0,5.0,0.0,Clear
2025-06-30 22:16:04.884783+00:00,1073500,"Merrimack River below Concord River at Lowell, MA",70.0,50.0,5.0,0.0,Clear
2025-06-30 22:16:06.584401+00:00,1100000,"Merrimack River at Lowell, MA",70.0,50.0,5.0,0.0,Clear
2025-06-30 22:16:08.330768+00:00,1096500,"Merrimack River at North Chelmsford, MA",70.0,50.0,5.0,0.0,Clear
2025-06-30 22:16:09.988224+00:00,1094000,"Merrimack River near Goffs Falls below Manchester, NH",70.0,50.0,5.0,0.0,Clear
2025-06-30 22:16:11.752689+00:00,1092000,"Merrimack River at Franklin Junction, NH",70.0,50.0,5.0,0.0,Clear
2025-06-30 22:20:32.360702+00:00,1073500,"Merrimack River below Concord River at Lowell, MA",70.0,50.0,5.0,0.0,Clear
2025-06-30 22:20:34.176461+00:00,1100000,"Merrimack River at Lowell, MA",70.0,50.0,5.0,0.0,Clear
2025-06-30 22:20:36.155998+00:00,1096500,"Merrimack River at North Chelmsford, MA",70.0,50.0,5.0,0.0,Clear
2025-06-30 22:20:37.829319+00:00,1094000,"Merrimack River near Goffs Falls below Manchester, NH",70.0,50.0,5.0,0.0,Clear
2025-06-30 22:20:39.355462+00:00,1092000,"Merrimack River at Franklin Junction, NH",70.0,50.0,5.0,0.0,Clear
2025-06-30 23:11:34.911314+00:00,1073500,"Merrimack River below Concord River at Lowell, MA",70.0,50.0,5.0,0.0,Clear
2025-06-30 23:11:36.650630+00:00,1100000,"Merrimack River at Lowell, MA",70.0,50.0,5.0,0.0,Clear
2025-06-30 23:11:38.404433+00:00,1096500,"Merrimack River at North Chelmsford, MA",70.0,50.0,5.0,0.0,Clear
2025-06-30 23:11:40.182235+00:00,1094000,"Merrimack River near Goffs Falls below Manchester, NH",70.0,50.0,5.0,0.0,Clear
2025-06-30 23:11:42.011993+00:00,1092000,"Merrimack River at Franklin Junction, NH",70.0,50.0,5.0,0.0,Clear
2025-07-01 00:22:29.769777+00:00,1073500,"Merrimack River below Concord River at Lowell, MA",70.0,50.0,5.0,0.0,Clear
2025-07-01 00:22:31.472707+00:00,1100000,"Merrimack River at Lowell, MA",70.0,50.0,5.0,0.0,Clear
2025-07-01 00:22:33.174092+00:00,1096500,"Merrimack River at North Chelmsford, MA",70.0,50.0,5.0,0.0,Clear
2025-07-01 00:22:34.732937+00:00,1094000,"Merrimack River near Goffs Falls below Manchester, NH",70.0,50.0,5.0,0.0,Clear
2025-07-01 00:22:36.431145+00:00,1092000,"Merrimack River at Franklin Junction, NH",70.0,50.0,5.0,0.0,Clear
2025-07-01 00:32:32.820277+00:00,1073500,"Merrimack River below Concord River at Lowell, MA",70.0,50.0,5.0,0.0,Clear
2025-07-01 00:32:34.546944+00:00,1100000,"Merrimack River at Lowell, MA",70.0,50.0,5.0,0.0,Clear
2025-07-01 00:32:36.199771+00:00,1096500,"Merrimack River at North Chelmsford, MA",70.0,50.0,5.0,0.0,Clear
2025-07-01 00:32:38.022372+00:00,1094000,"Merrimack River near Goffs Falls below Manchester, NH",70.0,50.0,5.0,0.0,Clear
2025-07-01 00:32:39.570302+00:00,1092000,"Merrimack River at Franklin Junction, NH",70.0,50.0,5.0,0.0,Clear
2025-07-01 00:49:09.580221+00:00,1073500,"Merrimack River below Concord River at Lowell, MA",70.0,50.0,5.0,0.0,Clear
2025-07-01 00:49:11.285569+00:00,1100000,"Merrimack River at Lowell, MA",70.0,50.0,5.0,0.0,Clear
2025-07-01 00:49:13.051654+00:00,1096500,"Merrimack River at North Chelmsford, MA",70.0,50.0,5.0,0.0,Clear
2025-07-01 00:49:14.762070+00:00,1094000,"Merrimack River near Goffs Falls below Manchester, NH",70.0,50.0,5.0,0.0,Clear
2025-07-01 00:49:16.499408+00:00,1092000,"Merrimack River at Franklin Junction, NH",70.0,50.0,5.0,0.0,Clear
2025-07-01 01:05:00.805456+00:00,1073500,"Merrimack River below Concord River at Lowell, MA",70.0,50.0,5.0,0.0,Clear
2025-07-01 01:05:02.437047+00:00,1100000,"Merrimack River at Lowell, MA",70.0,50.0,5.0,0.0,Clear
2025-07-01 01:05:04.106438+00:00,1096500,"Merrimack River at North Chelmsford, MA",70.0,50.0,5.0,0.0,Clear
2025-07-01 01:05:05.974047+00:00,1094000,"Merrimack River near Goffs Falls below Manchester, NH",70.0,50.0,5.0,0.0,Clear
2025-07-01 01:05:07.830883+00:00,1092000,"Merrimack River at Franklin Junction, NH",70.0,50.0,5.0,0.0,Clear
2025-07-01 03:24:37.876432+00:00,1073500,"Merrimack River below Concord River at Lowell, MA",70.0,50.0,5.0,0.0,Clear
2025-07-01 03:24:39.595670+00:00,1100000,"Merrimack River at Lowell, MA",70.0,50.0,5.0,0.0,Clear
2025-07-01 03:24:41.306159+00:00,1096500,"Merrimack River at North Chelmsford, MA",70.0,50.0,5.0,0.0,Clear
2025-07-01 03:24:42.959429+00:00,1094000,"Merrimack River near Goffs Falls below Manchester, NH",70.0,50.0,5.0,0.0,Clear
2025-07-01 03:24:44.648176+00:00,1092000,"Merrimack River at Franklin Junction, NH",70.0,50.0,5.0,0.0,Clear
2025-07-01 04:31:39.158554+00:00,1073500,"Merrimack River below Concord River at Lowell, MA",70.0,50.0,5.0,0.0,Clear
2025-07-01 04:31:40.902428+00:00,1100000,"Merrimack River at Lowell, MA",70.0,50.0,5.0,0.0,Clear
2025-07-01 04:31:42.493153+00:00,1096500,"Merrimack River at North Chelmsford, MA",70.0,50.0,5.0,0.0,Clear
2025-07-01 04:31:44.209237+00:00,1094000,"Merrimack River near Goffs Falls below Manchester, NH",70.0,50.0,5.0,0.0,Clear
2025-07-01 04:31:45.771717+00:00,1092000,"Merrimack River at Franklin Junction, NH",70.0,50.0,5.0,0.0,Clear
2025-07-01 05:17:04.013121+00:00,1073500,"Merrimack River below Concord River at Lowell, MA",70.0,50.0,5.0,0.0,Clear
2025-07-01 05:17:05.581037+00:00,1100000,"Merrimack River at Lowell, MA",70.0,50.0,5.0,0.0,Clear
2025-07-01 05:17:07.150961+00:00,1096500,"Merrimack River at North Chelmsford, MA",70.0,50.0,5.0,0.0,Clear
2025-07-01 05:17:08.710527+00:00,1094000,"Merrimack River near Goffs Falls below Manchester, NH",70.0,50.0,5.0,0.0,Clear
2025-07-01 05:17:10.275386+00:00,1092000,"Merrimack River at Franklin Junction, NH",70.0,50.0,5.0,0.0,Clear
2025-07-01 06:18:31.933882+00:00,1073500,"Merrimack River below Concord River at Lowell, MA",70.0,50.0,5.0,0.0,Clear
2025-07-01 06:18:33.505393+00:00,1100000,"Merrimack River at Lowell, MA",70.0,50.0,5.0,0.0,Clear
2025-07-01 06:18:35.162672+00:00,1096500,"Merrimack River at North Chelmsford, MA",70.0,50.0,5.0,0.0,Clear
2025-07-01 06:18:36.943794+00:00,1094000,"Merrimack River near Goffs Falls below Manchester, NH",70.0,50.0,5.0,0.0,Clear
2025-07-01 06:18:38.674393+00:00,1092000,"Merrimack River at Franklin Junction, NH",70.0,50.0,5.0,0.0,Clear
2025-07-01 07:13:55.098595+00:00,1073500,"Merrimack River below Concord River at Lowell, MA",70.0,50.0,5.0,0.0,Clear
2025-07-01 07:13:56.654692+00:00,1100000,"Merrimack River at Lowell, MA",70.0,50.0,5.0,0.0,Clear
2025-07-01 07:13:58.417246+00:00,1096500,"Merrimack River at North Chelmsford, MA",70.0,50.0,5.0,0.0,Clear
2025-07-01 07:14:00.008900+00:00,1094000,"Merrimack River near Goffs Falls below Manchester, NH",70.0,50.0,5.0,0.0,Clear
2025-07-01 07:14:01.544830+00:00,1092000,"Merrimack River at Franklin Junction, NH",70.0,50.0,5.0,0.0,Clear
2025-07-01 08:17:21.851732+00:00,1073500,"Merrimack River below Concord River at Lowell, MA",70.0,50.0,5.0,0.0,Clear
2025-07-01 08:17:23.578246+00:00,1100000,"Merrimack River at Lowell, MA",70.0,50.0,5.0,0.0,Clear
2025-07-01 08:17:25.301952+00:00,1096500,"Merrimack River at North Chelmsford, MA",70.0,50.0,5.0,0.0,Clear
2025-07-01 08:17:28.027254+00:00,1094000,"Merrimack River near Goffs Falls below Manchester, NH",70.0,50.0,5.0,0.0,Clear
2025-07-01 08:17:30.028899+00:00,1092000,"Merrimack River at Franklin Junction, NH",70.0,50.0,5.0,0.0,Clear
2025-07-01 09:15:12.337981+00:00,1073500,"Merrimack River below Concord River at Lowell, MA",70.0,50.0,5.0,0.0,Clear
2025-07-01 09:15:14.136172+00:00,1100000,"Merrimack River at Lowell, MA",70.0,50.0,5.0,0.0,Clear
2025-07-01 09:15:15.841830+00:00,1096500,"Merrimack River at North Chelmsford, MA",70.0,50.0,5.0,0.0,Clear
2025-07-01 09:15:17.339487+00:00,1094000,"Merrimack River near Goffs Falls below Manchester, NH",70.0,50.0,5.0,0.0,Clear
2025-07-01 09:15:18.866287+00:00,1092000,"Merrimack River at Franklin Junction, NH",70.0,50.0,5.0,0.0,Clear
2025-07-01 10:13:41.932258+00:00,1073500,"Merrimack River below Concord River at Lowell, MA",70.0,50.0,5.0,0.0,Clear
2025-07-01 10:13:43.631869+00:00,1100000,"Merrimack River at Lowell, MA",70.0,50.0,5.0,0.0,Clear
2025-07-01 10:13:45.342446+00:00,1096500,"Merrimack River at North Chelmsford, MA",70.0,50.0,5.0,0.0,Clear
2025-07-01 10:13:47.046978+00:00,1094000,"Merrimack River near Goffs Falls below Manchester, NH",70.0,50.0,5.0,0.0,Clear
2025-07-01 10:13:48.734771+00:00,1092000,"Merrimack River at Franklin Junction, NH",70.0,50.0,5.0,0.0,Clear
2025-07-01 11:10:55.881676+00:00,1073500,"Merrimack River below Concord River at Lowell, MA",70.0,50.0,5.0,0.0,Clear
2025-07-01 11:10:57.398433+00:00,1100000,"Merrimack River at Lowell, MA",70.0,50.0,5.0,0.0,Clear
2025-07-01 11:10:59.064854+00:00,1096500,"Merrimack River at North Chelmsford, MA",70.0,50.0,5.0,0.0,Clear
2025-07-01 11:11:00.632477+00:00,1094000,"Merrimack River near Goffs Falls below Manchester, NH",70.0,50.0,5.0,0.0,Clear
2025-07-01 11:11:02.476008+00:00,1092000,"Merrimack River at Franklin Junction, NH",70.0,50.0,5.0,0.0,Clear
2025-07-01 12:23:45.357246+00:00,1073500,"Merrimack River below Concord River at Lowell, MA",70.0,50.0,5.0,0.0,Clear
2025-07-01 12:23:47.155943+00:00,1100000,"Merrimack River at Lowell, MA",70.0,50.0,5.0,0.0,Clear
2025-07-01 12:23:48.877064+00:00,1096500,"Merrimack River at North Chelmsford, MA",70.0,50.0,5.0,0.0,Clear
2025-07-01 12:23:50.611752+00:00,1094000,"Merrimack River near Goffs Falls below Manchester, NH",70.0,50.0,5.0,0.0,Clear
2025-07-01 12:23:52.203163+00:00,1092000,"Merrimack River at Franklin Junction, NH",70.0,50.0,5.0,0.0,Clear
2025-07-01 13:27:51.966641+00:00,1073500,"Merrimack River below Concord River at Lowell, MA",70.0,50.0,5.0,0.0,Clear
2025-07-01 13:27:53.727947+00:00,1100000,"Merrimack River at Lowell, MA",70.0,50.0,5.0,0.0,Clear
2025-07-01 13:27:55.477486+00:00,1096500,"Merrimack River at North Chelmsford, MA",70.0,50.0,5.0,0.0,Clear
2025-07-01 13:27:57.256744+00:00,1094000,"Merrimack River near Goffs Falls below Manchester, NH",70.0,50.0,5.0,0.0,Clear
2025-07-01 13:27:58.934830+00:00,1092000,"Merrimack River at Franklin Junction, NH",70.0,50.0,5.0,0.0,Clear
2025-07-01 14:11:55.284331+00:00,1073500,"Merrimack River below Concord River at Lowell, MA",70.0,50.0,5.0,0.0,Clear
2025-07-01 14:11:56.813364+00:00,1100000,"Merrimack River at Lowell, MA",70.0,50.0,5.0,0.0,Clear
2025-07-01 14:11:58.558193+00:00,1096500,"Merrimack River at North Chelmsford, MA",70.0,50.0,5.0,0.0,Clear
2025-07-01 14:12:00.270692+00:00,1094000,"Merrimack River near Goffs Falls below Manchester, NH",70.0,50.0,5.0,0.0,Clear
2025-07-01 14:12:02.003129+00:00,1092000,"Merrimack River at Franklin Junction, NH",70.0,50.0,5.0,0.0,Clear
2025-07-01 15:13:00.552182+00:00,1073500,"Merrimack River below Concord River at Lowell, MA",70.0,50.0,5.0,0.0,Clear
2025-07-01 15:13:02.129611+00:00,1100000,"Merrimack River at Lowell, MA",70.0,50.0,5.0,0.0,Clear
2025-07-01 15:13:03.837668+00:00,1096500,"Merrimack River at North Chelmsford, MA",70.0,50.0,5.0,0.0,Clear
2025-07-01 15:13:05.522373+00:00,1094000,"Merrimack River near Goffs Falls below Manchester, NH",70.0,50.0,5.0,0.0,Clear
2025-07-01 15:13:07.260238+00:00,1092000,"Merrimack River at Franklin Junction, NH",70.0,50.0,5.0,0.0,Clear
2025-07-01 16:15:25.770639+00:00,1073500,"Merrimack River below Concord River at Lowell, MA",70.0,50.0,5.0,0.0,Clear
2025-07-01 16:15:27.401533+00:00,1100000,"Merrimack River at Lowell, MA",70.0,50.0,5.0,0.0,Clear
2025-07-01 16:15:29.117056+00:00,1096500,"Merrimack River at North Chelmsford, MA",70.0,50.0,5.0,0.0,Clear
2025-07-01 16:15:30.891011+00:00,1094000,"Merrimack River near Goffs Falls below Manchester, NH",70.0,50.0,5.0,0.0,Clear
2025-07-01 16:15:32.663810+00:00,1092000,"Merrimack River at Franklin Junction, NH",70.0,50.0,5.0,0.0,Clear
2025-07-01 17:11:32.799160+00:00,1073500,"Merrimack River below Concord River at Lowell, MA",70.0,50.0,5.0,0.0,Clear
2025-07-01 17:11:34.319536+00:00,1100000,"Merrimack River at Lowell, MA",70.0,50.0,5.0,0.0,Clear
2025-07-01 17:11:36.140148+00:00,1096500,"Merrimack River at North Chelmsford, MA",70.0,50.0,5.0,0.0,Clear
2025-07-01 17:11:37.757787+00:00,1094000,"Merrimack River near Goffs Falls below Manchester, NH",70.0,50.0,5.0,0.0,Clear
2025-07-01 17:11:39.383129+00:00,1092000,"Merrimack River at Franklin Junction, NH",70.0,50.0,5.0,0.0,Clear
2025-07-01 18:16:27.751161+00:00,1073500,"Merrimack River below Concord River at Lowell, MA",70.0,50.0,5.0,0.0,Clear
2025-07-01 18:16:29.301454+00:00,1100000,"Merrimack River at Lowell, MA",70.0,50.0,5.0,0.0,Clear
2025-07-01 18:16:30.840949+00:00,1096500,"Merrimack River at North Chelmsford, MA",70.0,50.0,5.0,0.0,Clear
2025-07-01 18:16:32.362500+00:00,1094000,"Merrimack River near Goffs Falls below Manchester, NH",70.0,50.0,5.0,0.0,Clear
2025-07-01 18:16:34.107126+00:00,1092000,"Merrimack River at Franklin Junction, NH",70.0,50.0,5.0,0.0,Clear
2025-07-01 19:09:51.334272+00:00,1073500,"Merrimack River below Concord River at Lowell, MA",70.0,50.0,5.0,0.0,Clear
2025-07-01 19:09:53.084211+00:00,1100000,"Merrimack River at Lowell, MA",70.0,50.0,5.0,0.0,Clear
2025-07-01 19:09:54.892313+00:00,1096500,"Merrimack River at North Chelmsford, MA",70.0,50.0,5.0,0.0,Clear
2025-07-01 19:09:56.441774+00:00,1094000,"Merrimack River near Goffs Falls below Manchester, NH",70.0,50.0,5.0,0.0,Clear
2025-07-01 19:09:58.217032+00:00,1092000,"Merrimack River at Franklin Junction, NH",70.0,50.0,5.0,0.0,Clear
2025-07-01 20:13:19.904549+00:00,1073500,"Merrimack River below Concord River at Lowell, MA",70.0,50.0,5.0,0.0,Clear
2025-07-01 20:13:21.641466+00:00,1100000,"Merrimack River at Lowell, MA",70.0,50.0,5.0,0.0,Clear
2025-07-01 20:13:23.280416+00:00,1096500,"Merrimack River at North Chelmsford, MA",70.0,50.0,5.0,0.0,Clear
2025-07-01 20:13:24.973113+00:00,1094000,"Merrimack River near Goffs Falls below Manchester, NH",70.0,50.0,5.0,0.0,Clear
2025-07-01 20:13:26.753247+00:00,1092000,"Merrimack River at Franklin Junction, NH",70.0,50.0,5.0,0.0,Clear
2025-07-01 21:11:12.781758+00:00,1073500,"Merrimack River below Concord River at Lowell, MA",70.0,50.0,5.0,0.0,Clear
2025-07-01 21:11:14.277243+00:00,1100000,"Merrimack River at Lowell, MA",70.0,50.0,5.0,0.0,Clear
2025-07-01 21:11:16.128626+00:00,1096500,"Merrimack River at North Chelmsford, MA",70.0,50.0,5.0,0.0,Clear
2025-07-01 21:11:17.935759+00:00,1094000,"Merrimack River near Goffs Falls below Manchester, NH",70.0,50.0,5.0,0.0,Clear
2025-07-01 21:11:19.471118+00:00,1092000,"Merrimack River at Franklin Junction, NH",70.0,50.0,5.0,0.0,Clear
2025-07-01 22:11:38.453222+00:00,1073500,"Merrimack River below Concord River at Lowell, MA",70.0,50.0,5.0,0.0,Clear
2025-07-01 22:11:40.519333+00:00,1100000,"Merrimack River at Lowell, MA",70.0,50.0,5.0,0.0,Clear
2025-07-01 22:11:42.168919+00:00,1096500,"Merrimack River at North Chelmsford, MA",70.0,50.0,5.0,0.0,Clear
2025-07-01 22:11:43.664702+00:00,1094000,"Merrimack River near Goffs Falls below Manchester, NH",70.0,50.0,5.0,0.0,Clear
2025-07-01 22:11:45.121181+00:00,1092000,"Merrimack River at Franklin Junction, NH",70.0,50.0,5.0,0.0,Clear
2025-07-01 23:11:24.826772+00:00,1073500,"Merrimack River below Concord River at Lowell, MA",70.0,50.0,5.0,0.0,Clear
2025-07-01 23:11:26.567886+00:00,1100000,"Merrimack River at Lowell, MA",70.0,50.0,5.0,0.0,Clear
2025-07-01 23:11:28.366003+00:00,1096500,"Merrimack River at North Chelmsford, MA",70.0,50.0,5.0,0.0,Clear
2025-07-01 23:11:30.188517+00:00,1094000,"Merrimack River near Goffs Falls below Manchester, NH",70.0,50.0,5.0,0.0,Clear
2025-07-01 23:11:31.833333+00:00,1092000,"Merrimack River at Franklin Junction, NH",70.0,50.0,5.0,0.0,Clear
2025-07-02 00:58:50.256446+00:00,1073500,"Merrimack River below Concord River at Lowell, MA",70.0,50.0,5.0,0.0,Clear
2025-07-02 00:58:52.089733+00:00,1100000,"Merrimack River at Lowell, MA",70.0,50.0,5.0,0.0,Clear
2025-07-02 00:58:53.888619+00:00,1096500,"Merrimack River at North Chelmsford, MA",70.0,50.0,5.0,0.0,Clear
2025-07-02 00:58:55.485088+00:00,1094000,"Merrimack River near Goffs Falls below Manchester, NH",70.0,50.0,5.0,0.0,Clear
2025-07-02 00:58:57.300504+00:00,1092000,"Merrimack River at Franklin Junction, NH",70.0,50.0,5.0,0.0,Clear
2025-07-02 02:47:36.904787+00:00,1073500,"Merrimack River below Concord River at Lowell, MA",70.0,50.0,5.0,0.0,Clear
2025-07-02 02:47:38.611836+00:00,1100000,"Merrimack River at Lowell, MA",70.0,50.0,5.0,0.0,Clear
2025-07-02 02:47:40.336687+00:00,1096500,"Merrimack River at North Chelmsford, MA",70.0,50.0,5.0,0.0,Clear
2025-07-02 02:47:42.117314+00:00,1094000,"Merrimack River near Goffs Falls below Manchester, NH",70.0,50.0,5.0,0.0,Clear
2025-07-02 02:47:43.875596+00:00,1092000,"Merrimack River at Franklin Junction, NH",70.0,50.0,5.0,0.0,Clear
2025-07-02 03:46:16.103638+00:00,1073500,"Merrimack River below Concord River at Lowell, MA",70.0,50.0,5.0,0.0,Clear
2025-07-02 03:46:17.771300+00:00,1100000,"Merrimack River at Lowell, MA",70.0,50.0,5.0,0.0,Clear
2025-07-02 03:46:19.575194+00:00,1096500,"Merrimack River at North Chelmsford, MA",70.0,50.0,5.0,0.0,Clear
2025-07-02 03:46:21.181089+00:00,1094000,"Merrimack River near Goffs Falls below Manchester, NH",70.0,50.0,5.0,0.0,Clear
2025-07-02 03:46:22.856499+00:00,1092000,"Merrimack River at Franklin Junction, NH",70.0,50.0,5.0,0.0,Clear
2025-07-02 04:22:36.515586+00:00,1073500,"Merrimack River below Concord River at Lowell, MA",70.0,50.0,5.0,0.0,Clear
2025-07-02 04:22:38.143774+00:00,1100000,"Merrimack River at Lowell, MA",70.0,50.0,5.0,0.0,Clear
2025-07-02 04:22:39.877338+00:00,1096500,"Merrimack River at North Chelmsford, MA",70.0,50.0,5.0,0.0,Clear
2025-07-02 04:22:41.605562+00:00,1094000,"Merrimack River near Goffs Falls below Manchester, NH",70.0,50.0,5.0,0.0,Clear
2025-07-02 04:22:43.156030+00:00,1092000,"Merrimack River at Franklin Junction, NH",70.0,50.0,5.0,0.0,Clear
2025-07-02 05:14:36.987272+00:00,1073500,"Merrimack River below Concord River at Lowell, MA",70.0,50.0,5.0,0.0,Clear
2025-07-02 05:14:38.570114+00:00,1100000,"Merrimack River at Lowell, MA",70.0,50.0,5.0,0.0,Clear
2025-07-02 05:14:40.137023+00:00,1096500,"Merrimack River at North Chelmsford, MA",70.0,50.0,5.0,0.0,Clear
2025-07-02 05:14:41.880321+00:00,1094000,"Merrimack River near Goffs Falls below Manchester, NH",70.0,50.0,5.0,0.0,Clear
2025-07-02 05:14:43.545486+00:00,1092000,"Merrimack River at Franklin Junction, NH",70.0,50.0,5.0,0.0,Clear
2025-07-02 06:18:24.055265+00:00,1073500,"Merrimack River below Concord River at Lowell, MA",70.0,50.0,5.0,0.0,Clear
2025-07-02 06:18:25.836668+00:00,1100000,"Merrimack River at Lowell, MA",70.0,50.0,5.0,0.0,Clear
2025-07-02 06:18:27.588996+00:00,1096500,"Merrimack River at North Chelmsford, MA",70.0,50.0,5.0,0.0,Clear
2025-07-02 06:18:29.208923+00:00,1094000,"Merrimack River near Goffs Falls below Manchester, NH",70.0,50.0,5.0,0.0,Clear
2025-07-02 06:18:30.869966+00:00,1092000,"Merrimack River at Franklin Junction, NH",70.0,50.0,5.0,0.0,Clear
2025-07-02 07:12:54.767140+00:00,1073500,"Merrimack River below Concord River at Lowell, MA",70.0,50.0,5.0,0.0,Clear
2025-07-02 07:12:56.319959+00:00,1100000,"Merrimack River at Lowell, MA",70.0,50.0,5.0,0.0,Clear
2025-07-02 07:12:58.000721+00:00,1096500,"Merrimack River at North Chelmsford, MA",70.0,50.0,5.0,0.0,Clear
2025-07-02 07:13:00.034175+00:00,1094000,"Merrimack River near Goffs Falls below Manchester, NH",70.0,50.0,5.0,0.0,Clear
2025-07-02 07:13:01.592426+00:00,1092000,"Merrimack River at Franklin Junction, NH",70.0,50.0,5.0,0.0,Clear
2025-07-02 08:16:54.996371+00:00,1073500,"Merrimack River below Concord River at Lowell, MA",70.0,50.0,5.0,0.0,Clear
2025-07-02 08:16:56.621761+00:00,1100000,"Merrimack River at Lowell, MA",70.0,50.0,5.0,0.0,Clear
2025-07-02 08:16:58.376509+00:00,1096500,"Merrimack River at North Chelmsford, MA",70.0,50.0,5.0,0.0,Clear
2025-07-02 08:17:00.125942+00:00,1094000,"Merrimack River near Goffs Falls below Manchester, NH",70.0,50.0,5.0,0.0,Clear
2025-07-02 08:17:01.841551+00:00,1092000,"Merrimack River at Franklin Junction, NH",70.0,50.0,5.0,0.0,Clear
2025-07-02 09:14:43.756697+00:00,1073500,"Merrimack River below Concord River at Lowell, MA",70.0,50.0,5.0,0.0,Clear
2025-07-02 09:14:45.407348+00:00,1100000,"Merrimack River at Lowell, MA",70.0,50.0,5.0,0.0,Clear
2025-07-02 09:14:47.180683+00:00,1096500,"Merrimack River at North Chelmsford, MA",70.0,50.0,5.0,0.0,Clear
2025-07-02 09:14:48.809409+00:00,1094000,"Merrimack River near Goffs Falls below Manchester, NH",70.0,50.0,5.0,0.0,Clear
2025-07-02 09:14:50.593599+00:00,1092000,"Merrimack River at Franklin Junction, NH",70.0,50.0,5.0,0.0,Clear
2025-07-02 10:13:31.010227+00:00,1073500,"Merrimack River below Concord River at Lowell, MA",70.0,50.0,5.0,0.0,Clear
2025-07-02 10:13:32.822482+00:00,1100000,"Merrimack River at Lowell, MA",70.0,50.0,5.0,0.0,Clear
2025-07-02 10:13:34.530811+00:00,1096500,"Merrimack River at North Chelmsford, MA",70.0,50.0,5.0,0.0,Clear
2025-07-02 10:13:36.059397+00:00,1094000,"Merrimack River near Goffs Falls below Manchester, NH",70.0,50.0,5.0,0.0,Clear
2025-07-02 10:13:37.815608+00:00,1092000,"Merrimack River at Franklin Junction, NH",70.0,50.0,5.0,0.0,Clear
2025-07-02 11:11:03.856441+00:00,1073500,"Merrimack River below Concord River at Lowell, MA",70.0,50.0,5.0,0.0,Clear
2025-07-02 11:11:05.612528+00:00,1100000,"Merrimack River at Lowell, MA",70.0,50.0,5.0,0.0,Clear
2025-07-02 11:11:07.321615+00:00,1096500,"Merrimack River at North Chelmsford, MA",70.0,50.0,5.0,0.0,Clear
2025-07-02 11:11:08.802546+00:00,1094000,"Merrimack River near Goffs Falls below Manchester, NH",70.0,50.0,5.0,0.0,Clear
2025-07-02 11:11:10.357257+00:00,1092000,"Merrimack River at Franklin Junction, NH",70.0,50.0,5.0,0.0,Clear
2025-07-02 12:22:45.166969+00:00,1073500,"Merrimack River below Concord River at Lowell, MA",70.0,50.0,5.0,0.0,Clear
2025-07-02 12:22:46.929894+00:00,1100000,"Merrimack River at Lowell, MA",70.0,50.0,5.0,0.0,Clear
2025-07-02 12:22:48.443628+00:00,1096500,"Merrimack River at North Chelmsford, MA",70.0,50.0,5.0,0.0,Clear
2025-07-02 12:22:50.235382+00:00,1094000,"Merrimack River near Goffs Falls below Manchester, NH",70.0,50.0,5.0,0.0,Clear
2025-07-02 12:22:51.933712+00:00,1092000,"Merrimack River at Franklin Junction, NH",70.0,50.0,5.0,0.0,Clear
2025-07-02 13:27:18.533619+00:00,1073500,"Merrimack River below Concord River at Lowell, MA",70.0,50.0,5.0,0.0,Clear
2025-07-02 13:27:20.170922+00:00,1100000,"Merrimack River at Lowell, MA",70.0,50.0,5.0,0.0,Clear
2025-07-02 13:27:21.946103+00:00,1096500,"Merrimack River at North Chelmsford, MA",70.0,50.0,5.0,0.0,Clear
2025-07-02 13:27:23.656174+00:00,1094000,"Merrimack River near Goffs Falls below Manchester, NH",70.0,50.0,5.0,0.0,Clear
2025-07-02 13:27:26.385899+00:00,1092000,"Merrimack River at Franklin Junction, NH",70.0,50.0,5.0,0.0,Clear
2025-07-02 14:12:25.605750+00:00,1073500,"Merrimack River below Concord River at Lowell, MA",70.0,50.0,5.0,0.0,Clear
2025-07-02 14:12:27.223537+00:00,1100000,"Merrimack River at Lowell, MA",70.0,50.0,5.0,0.0,Clear
2025-07-02 14:12:28.896159+00:00,1096500,"Merrimack River at North Chelmsford, MA",70.0,50.0,5.0,0.0,Clear
2025-07-02 14:12:30.728249+00:00,1094000,"Merrimack River near Goffs Falls below Manchester, NH",70.0,50.0,5.0,0.0,Clear
2025-07-02 14:12:32.345805+00:00,1092000,"Merrimack River at Franklin Junction, NH",70.0,50.0,5.0,0.0,Clear
2025-07-02 15:12:57.457657+00:00,1073500,"Merrimack River below Concord River at Lowell, MA",70.0,50.0,5.0,0.0,Clear
2025-07-02 15:12:59.233133+00:00,1100000,"Merrimack River at Lowell, MA",70.0,50.0,5.0,0.0,Clear
2025-07-02 15:13:00.754938+00:00,1096500,"Merrimack River at North Chelmsford, MA",70.0,50.0,5.0,0.0,Clear
2025-07-02 15:13:02.278698+00:00,1094000,"Merrimack River near Goffs Falls below Manchester, NH",70.0,50.0,5.0,0.0,Clear
2025-07-02 15:13:03.959003+00:00,1092000,"Merrimack River at Franklin Junction, NH",70.0,50.0,5.0,0.0,Clear
2025-07-02 16:14:26.670883+00:00,1073500,"Merrimack River below Concord River at Lowell, MA",70.0,50.0,5.0,0.0,Clear
2025-07-02 16:14:28.447982+00:00,1100000,"Merrimack River at Lowell, MA",70.0,50.0,5.0,0.0,Clear
2025-07-02 16:14:30.024015+00:00,1096500,"Merrimack River at North Chelmsford, MA",70.0,50.0,5.0,0.0,Clear
2025-07-02 16:14:31.558073+00:00,1094000,"Merrimack River near Goffs Falls below Manchester, NH",70.0,50.0,5.0,0.0,Clear
2025-07-02 16:14:33.275958+00:00,1092000,"Merrimack River at Franklin Junction, NH",70.0,50.0,5.0,0.0,Clear
2025-07-02 17:12:06.364630+00:00,1073500,"Merrimack River below Concord River at Lowell, MA",70.0,50.0,5.0,0.0,Clear
2025-07-02 17:12:07.925954+00:00,1100000,"Merrimack River at Lowell, MA",70.0,50.0,5.0,0.0,Clear
2025-07-02 17:12:09.473208+00:00,1096500,"Merrimack River at North Chelmsford, MA",70.0,50.0,5.0,0.0,Clear
2025-07-02 17:12:11.015311+00:00,1094000,"Merrimack River near Goffs Falls below Manchester, NH",70.0,50.0,5.0,0.0,Clear
2025-07-02 17:12:12.795992+00:00,1092000,"Merrimack River at Franklin Junction, NH",70.0,50.0,5.0,0.0,Clear
2025-07-02 18:16:56.696559+00:00,1073500,"Merrimack River below Concord River at Lowell, MA",70.0,50.0,5.0,0.0,Clear
2025-07-02 18:16:58.260091+00:00,1100000,"Merrimack River at Lowell, MA",70.0,50.0,5.0,0.0,Clear
2025-07-02 18:16:59.873763+00:00,1096500,"Merrimack River at North Chelmsford, MA",70.0,50.0,5.0,0.0,Clear
2025-07-02 18:17:01.431041+00:00,1094000,"Merrimack River near Goffs Falls below Manchester, NH",70.0,50.0,5.0,0.0,Clear
2025-07-02 18:17:03.116002+00:00,1092000,"Merrimack River at Franklin Junction, NH",70.0,50.0,5.0,0.0,Clear
2025-07-02 19:09:23.008729+00:00,01073500,"Merrimack River below Concord River at Lowell, MA",70.0,50.0,5.0,0.0,Clear
2025-07-02 19:09:24.512189+00:00,01100000,"Merrimack River at Lowell, MA",70.0,50.0,5.0,0.0,Clear
2025-07-02 19:09:26.307243+00:00,01096500,"Merrimack River at North Chelmsford, MA",70.0,50.0,5.0,0.0,Clear
2025-07-02 19:09:27.838937+00:00,01094000,"Merrimack River near Goffs Falls below Manchester, NH",70.0,50.0,5.0,0.0,Clear
2025-07-02 19:09:29.598409+00:00,01092000,"Merrimack River at Franklin Junction, NH",70.0,50.0,5.0,0.0,Clear
